0,0.007133248,0.003747135,0.00344641,0.009517824,0.003606533,0.007921185,0.004101348
1,0.006223865,5.80E-04,5.70E-04,0.008850083,0.003269921,3.73E-04,0.001100818
2,0.005110123,0.008973722,0.001327444,0.00922496,0.00508173,0.004631279,0.006932194
3,0.003338475,6.88E-04,0.007844931,0.006943755,0.003565332,0.001231008,0.007275578
4,0.003968737,0.002776954,0.003201059,0.00269149,0.005390578,0.007592646,0.008272545
5,0.009273926,0.009748573,0.005356959,0.00987441,5.40E-04,0.00871963,0.002397061
6,9.45E-04,0.009958117,7.06E-04,0.003482272,0.005476357,0.007349525,0.009702081
7,0.002339602,0.004287109,0.002521809,0.00357848,0.008323232,0.001080658,0.005212554
8,0.009239374,0.004892566,0.008313636,0.007398674,0.008179189,0.001422575,0.003642552
9,0.001295117,0.004907464,0.001051824,0.006797241,0.003956593,0.002425847,0.003767712
10,0.003612058,0.007296104,0.003486056,0.005735081,0.008643359,5.47E-04,0.003710635
11,0.002993498,3.12E-04,7.20E-04,0.002824379,8.02E-05,0.002828342,0.005448095
12,0.003222807,0.001879553,0.007304266,0.00175219,8.95E-04,5.74E-05,3.80E-04
13,0.003742028,0.002322226,0.003806207,0.002480002,0.002020424,0.002387753,0.008310191
14,0.009373464,0.007663381,0.00256584,0.003333121,8.51E-05,0.004041077,0.005693805
15,0.008637601,0.001428985,4.60E-04,0.003488689,0.002564654,0.00442254,0.002629684
16,0.005633979,0.00503354,6.71E-04,0.006302421,0.00474098,0.006466034,0.007449751
17,0.002070564,0.009780346,0.009696021,0.008645,0.001286635,0.00168281,0.002794398
18,0.004999348,0.005332685,0.00872417,0.006920922,0.001149143,0.003060308,0.006038087
19,0.004808764,0.008850618,0.00412109,0.003141282,0.002294202,0.005476429,0.00912042
20,0.00570923,0.007422992,0.004377591,0.001052967,0.003006477,0.009096627,0.009027623
21,0.006316039,3.54E-04,0.009965804,0.006000469,0.007747407,0.006808546,0.006335096
22,0.002781041,0.006597082,0.001827316,0.001211924,0.005166986,0.005117928,0.001117465
23,0.00531461,0.005592557,0.006547862,0.001085824,0.004848392,0.008090215,0.004656815
24,0.003355324,0.004164952,0.007802869,7.44E-04,0.005663079,0.006040129,0.002969426
25,0.002000345,0.003122558,0.002236145,0.005128576,0.001475181,0.004310601,0.002258801
26,0.008920526,0.006563961,0.009931031,0.008776745,0.006313629,0.00986257,0.007910169
27,0.004039056,0.001342662,0.003536449,0.007695545,0.002809032,5.18E-04,0.005927024
28,0.008257619,0.003826191,9.48E-04,0.007022196,0.008835343,0.003615169,0.002918199
29,0.007630086,0.008819925,0.003579307,0.006178051,0.005620569,0.003337143,0.003748375
30,0.009501976,0.001437077,0.004067098,0.004294026,0.00124267,0.0042315,6.31E-04
31,0.008983196,0.00452416,0.009437924,0.006480486,0.003108826,0.004492363,0.00837633
32,0.004632626,0.002118916,0.0066098,5.65E-04,0.002839017,0.006159049,0.004366387
33,0.009822967,0.00479746,5.02E-05,0.001975411,0.005948985,0.003884971,0.007842662
34,0.002633654,0.004804429,0.008548521,0.006018932,0.005746811,9.46E-04,0.003970819
35,0.009661819,0.007156181,0.008619847,0.002919133,0.001461579,0.004849828,0.008884613
36,0.009788714,0.00430429,0.008901201,0.002906953,0.005768362,0.004365703,0.008450456
37,0.004062631,0.009784182,0.00312882,4.28E-04,0.004375164,0.009418653,0.003550122
38,0.004420999,0.004037605,0.008355572,0.00771849,0.005579499,0.006288277,0.002067501
39,7.83E-04,0.002808788,0.003749138,0.001440851,0.008666119,0.002594763,0.006485882
40,0.004824738,0.005148688,0.009784019,0.006511763,0.002593278,0.007255797,0.005386315
41,0.008232514,0.004726994,0.006587317,0.008043282,0.009417626,0.001147534,0.008204594
42,1.91E-04,0.002683644,0.006580893,0.008004637,0.00214534,0.003188031,0.006577876
43,0.004128509,0.007334816,0.004257536,0.00898654,0.007882738,0.009755724,0.009012892
44,0.005649859,0.004896729,3.24E-04,0.002702067,0.002392886,0.007795748,0.002276698
45,0.007417174,0.001467209,0.007538254,0.00700975,0.008145545,0.009536487,0.001747928
46,8.39E-04,0.006693359,0.006015393,0.004864957,2.68E-05,0.007920601,0.001115284
47,0.00674771,0.006133086,9.39E-04,3.03E-04,0.003475129,0.006257692,0.00645022
48,0.002048896,0.006531769,0.003052933,2.39E-04,0.008705727,0.004301585,0.007531412
49,0.001984956,0.006177051,0.002853179,0.003634803,0.008028332,0.006604796,0.00136839
50,0.007291356,0.00648042,0.009747672,0.00124772,0.004261698,0.003183492,0.002937617
51,0.00692026,4.57E-04,0.007404079,0.006546208,6.92E-04,0.005613558,0.006867069
52,0.001745994,0.003588714,0.006207961,0.002760447,1.78E-05,0.00907022,0.00633862
53,0.006678751,0.009333198,0.00675902,0.005910015,0.003123711,2.34E-04,0.008855362
54,0.003922636,0.003143434,0.006128224,0.00280202,9.22E-04,0.006966879,0.006053384
55,0.009932651,0.008732545,0.006078272,0.004859245,0.001334885,0.007495801,0.008076488
56,0.005335462,0.00896559,0.009711134,8.77E-04,0.009137834,0.002174851,0.008510093
57,0.006341956,0.008545391,0.007226855,0.002699269,0.007252852,0.009055515,1.50E-04
58,0.004250544,0.00570862,0.003615708,0.001305404,0.00486225,0.00547239,0.002894211
59,0.003431318,0.006974825,0.00558354,0.002407607,0.003604226,0.001196857,0.007630545
60,0.006552135,0.003549506,0.006482137,0.004483121,0.001626401,0.002042806,0.001595641
61,0.003994691,0.004786711,0.007761613,0.006416089,0.007211623,0.003542283,8.78E-04
62,0.009445036,0.006963567,8.76E-04,0.006930537,0.003527176,0.00935961,0.004367943
63,0.007059909,0.005233841,0.007677851,0.00380065,0.004582074,0.004621411,0.005411414
64,6.45E-04,0.009029258,0.001148644,0.002821771,0.004546606,0.005303362,0.008421678
65,0.009250669,0.006488074,0.007382928,0.005132743,0.001654827,0.005632349,0.003146824
66,0.002068367,0.008352974,0.007046272,0.009309113,0.005385139,0.005812672,4.60E-04
67,0.00320366,0.004485855,0.005454765,0.006019963,0.001213736,0.008776141,0.006916218
68,0.001593253,0.002010964,0.001341393,0.003987425,0.007598089,0.006449635,0.009156176
69,0.009528043,0.009563081,0.004956518,0.00882296,0.006065736,0.005659372,0.007562981
70,0.004034336,0.009495137,0.006303106,0.00134533,0.005962655,0.004319707,0.005591699
71,0.004970954,6.03E-04,2.17E-04,0.009815933,2.92E-04,0.007732183,0.001358839
72,0.006580879,0.006484767,0.004586807,0.001878658,0.009172187,0.003102816,0.003636988
73,0.003157917,0.004720314,0.004592084,0.007887372,0.001186096,0.001443722,3.12E-04
74,0.009035622,0.005153358,0.009793161,9.13E-04,0.003508935,0.001645804,0.004672618
75,0.004036257,0.008910883,0.002339196,0.001078541,0.009742943,0.008732871,0.006924846
76,0.003477493,0.008809788,0.006319308,0.007151775,3.33E-05,0.005098679,2.28E-05
77,0.002332122,0.006398718,0.006567873,2.46E-04,0.001432181,2.01E-04,0.00817794
78,0.005635186,0.00195933,0.006584076,0.00393871,8.83E-05,0.001255511,0.00720043
79,0.004650285,0.004412066,0.0015208,0.009916441,0.002510281,0.006504071,0.005916021
80,0.004141556,0.003691127,0.001732761,0.00943122,0.007185039,0.005235388,8.36E-04
81,0.004857217,3.28E-04,0.003173697,0.006100825,0.001160359,0.00940185,0.004639062
82,0.007852504,0.008835959,0.003587745,0.007932908,0.002343002,0.004403822,0.007864712
83,9.92E-04,0.009026498,0.004109636,0.009094425,5.15E-04,0.009896657,0.005108904
84,0.003068687,0.001116895,0.006075217,9.35E-04,1.94E-05,0.006328312,0.007162283
85,0.006894615,0.009067267,9.83E-04,0.006993629,1.71E-04,0.007876186,0.007605372
86,0.005397631,0.008904933,0.002384967,0.007769255,0.00930415,0.004264969,0.002902592
87,0.003096832,0.008130023,0.009634339,0.007082865,0.009539224,0.007750518,0.001427148
88,0.007334792,0.002904845,0.004563425,0.006764717,7.87E-05,0.003211671,0.006162197
89,0.004267069,0.006923874,3.74E-04,0.007956822,0.005552655,0.00332286,0.003976672
90,0.00571588,0.006689804,0.00854688,0.00545134,0.002450487,8.06E-04,0.00193247
91,0.001828542,0.00432064,0.005338416,0.004263744,0.006433458,0.004316664,0.009990362
92,0.009884073,0.003377366,0.004353312,0.004371955,0.004671721,0.009508481,0.006111274
93,0.007499679,0.007367541,0.009603527,0.008470646,0.004868081,0.006908855,0.008013264
94,0.004703171,0.002638178,0.006402123,0.002719288,0.005724816,0.002639392,0.00515807
95,0.005816089,0.006657535,0.006344507,0.003816421,0.007801488,0.002708825,7.53E-04
96,0.004003419,0.001740199,0.006949938,0.004202089,0.003193821,0.007359429,0.006958391
97,0.00553897,0.00749008,0.004442045,0.009487677,0.00577308,0.009884935,0.009501996
98,0.002336853,0.007387035,0.009239645,0.009658301,4.15E-04,0.002795252,0.005688628
99,0.002868084,0.008629685,1.03E-04,0.00147227,0.004235725,0.007678181,0.001280845
100,0.002303185,4.0678554,7.52E-05,0.005133972,0.003287247,0.003857905,3.9200323
101,0.005056464,3.901335,0.0052147,5.77E-05,0.009432633,0.001053563,3.9289067
102,0.003539077,3.9245455,0.001665604,0.003964482,0.001690652,0.008267238,4.0065603
103,0.005206411,4.00624,0.006995196,6.81E-04,0.006305293,0.006514628,3.9741561
104,0.008690384,3.9537234,0.003333495,0.002198224,0.001960067,6.83E-04,3.930204
105,0.006393569,4.0634446,0.001180624,0.00802979,0.009563183,0.007530441,3.9295306
106,0.003349571,4.039675,0.007248824,0.004205027,1.61E-04,0.008257727,3.9240506
107,0.001843539,4.097232,0.004350285,0.001771328,0.007800652,0.009075247,4.020667
108,0.006673826,3.925064,0.002026566,6.91E-05,0.004445855,0.00335076,3.9020574
109,0.003542513,3.9518619,0.007407706,0.004943388,0.005579613,0.004531783,4.061201
110,0.008931914,3.9408789,6.93E-04,0.006279049,0.003076489,0.003336355,3.9789119
111,0.002612914,3.9779315,0.008745963,0.005421238,0.008234126,0.004825422,3.9228983
112,0.001881758,4.0511246,0.008163505,0.004041293,9.41E-04,0.003634061,4.0262623
113,0.004083408,4.030367,0.001739352,0.005543034,0.007163487,0.002897953,4.0451016
114,0.009072199,4.069465,0.009563078,0.005341886,0.005742548,0.007182316,4.08669
115,0.006730525,3.9300342,0.001209547,0.002160962,2.77E-04,0.006350301,4.050772
116,9.01E-04,3.989429,0.007099795,6.04E-04,0.008395352,0.002986281,4.0127163
117,0.00571046,4.09996,0.009067069,0.007360372,0.008594583,0.005730128,3.9902813
118,0.004651207,3.9139924,0.006078041,0.005699927,0.004358755,0.004233135,3.9440491
119,0.004322416,3.9540741,0.001922042,7.45E-04,0.008684538,0.005054074,3.9205613
120,0.002463229,4.027634,0.002309024,0.002309573,0.001267242,0.006325367,4.079291
121,0.008880693,3.9898696,0.006929593,0.005504978,0.004400555,0.007870127,3.938561
122,0.001081011,3.9807866,0.004635742,0.008614613,0.006802722,4.00E-04,4.038608
123,0.002097016,3.9431746,0.00516663,0.009016286,0.005311462,0.005711794,3.9447238
124,6.05E-04,3.9625616,0.009551938,0.006415536,0.001556338,0.004194707,3.904744
125,2.06E-04,3.908209,4.53E-04,0.002189987,0.003279997,0.003994618,3.9130294
126,0.005894181,3.9353771,0.005604697,0.002573413,0.007901968,3.70E-05,3.9276836
127,0.004272852,3.9423056,0.00160422,0.001354534,7.55E-05,0.002173255,4.015781
128,0.002726054,4.0604944,0.005154383,0.0037322,0.004548317,0.007197272,4.0928245
129,0.008488524,3.9731915,0.005830911,0.009590863,0.004842062,0.002823356,4.0986505
130,0.001558519,3.9254458,4.46E-04,0.00239221,4.27E-04,5.58E-04,3.9963415
131,0.006991283,3.9468648,0.003483648,0.006992958,1.44E-04,0.006840678,4.0575347
132,0.008434966,3.9149125,0.001240522,0.003268953,0.002482737,0.009653023,4.010424
133,0.0047489,4.013187,0.009902504,0.008395395,0.003481178,0.006357205,4.0446396
134,0.005162529,3.9710898,0.007464783,0.00250769,0.00242552,0.006508592,4.024117
135,0.008750607,4.089907,0.009107029,0.003307089,0.009252426,0.001551738,4.066198
136,0.007758368,4.0461497,0.003589964,0.00960229,0.003840825,0.009674099,4.034681
137,0.009274022,3.9975426,0.008963749,0.002850294,0.005668288,0.00416514,3.9456408
138,0.002876599,3.9396396,0.001399683,0.005999946,0.005590281,0.00747098,3.9649427
139,8.92E-04,4.0690975,0.005771148,0.007747728,0.005853185,0.007196738,3.9595056
140,0.009620464,0.007643189,0.005297204,0.003417894,0.001113954,2.84E-04,0.004409067
141,0.002515464,0.009586008,0.002665101,0.006244492,0.001090447,0.003530482,0.00471894
142,0.008042119,0.003258669,0.003672936,0.004254664,0.008111702,0.008970386,0.006890722
143,8.49E-04,0.00657881,0.005493667,0.001304949,0.002810266,0.003783483,0.006729737
144,0.003557821,0.008159225,0.001609055,0.001390871,0.004767352,8.26E-04,0.003652079
145,0.0027218,0.009942482,0.008801577,0.008591565,0.004408483,0.006745124,0.001873578
146,0.007375532,0.009593504,0.003401697,0.002730898,0.008915094,0.002505241,0.002295209
147,0.006743768,8.61E-04,0.005108316,0.005309972,0.002511329,0.001735682,0.004395775
148,0.009354561,0.007398356,0.00820051,0.009468793,0.005654596,0.009711485,0.006566464
149,0.001387616,0.004385528,0.001909767,7.83E-04,0.00292783,0.00700652,0.00730101
150,9.66E-05,0.009838944,0.002260126,0.006044566,0.008315899,0.009977662,0.008218415
151,0.004962776,0.00321591,0.001776115,0.001984757,0.009657509,0.008970473,0.008905692
152,7.01E-04,0.006734806,0.006721718,0.003710049,0.002366959,0.008559837,0.008393917
153,0.008006199,0.002632406,0.002895962,0.006684571,0.006190535,0.004225722,0.005025882
154,0.009799906,0.002236997,0.008942575,5.09E-04,0.002949282,0.009137498,0.008246955
155,0.002602029,0.009872698,0.006610098,0.007440179,0.009538353,0.006747936,4.88E-04
156,8.57E-05,0.003382126,0.007708571,0.005105448,0.003917696,0.003946814,0.005901394
157,0.008200295,0.006816321,0.008413366,0.006521537,0.006396802,0.001595772,0.009701653
158,0.008585855,0.008147133,0.001333256,0.004396748,3.40E-04,1.79E-04,0.002755234
159,0.004087766,0.009141048,0.002948857,0.003802184,0.002346133,4.20E-04,3.84E-04
160,0.002908775,0.003251793,0.001896613,0.009273863,0.001764876,0.006369999,0.008605213
161,0.004080744,3.64E-04,0.007387984,0.001493229,0.003652387,0.002998273,0.003239931
162,0.007352321,0.007335928,0.006528527,0.00548033,6.75E-04,0.009340371,0.007729688
163,0.005909915,0.008659153,0.001839648,0.004811302,0.004015041,0.009030087,0.009272813
164,0.009309653,0.006650503,0.006612774,0.008573126,0.008467368,0.006577413,0.008654837
165,0.00264566,0.004943972,0.007961914,7.89E-04,0.007313477,2.42E-04,0.003747165
166,0.00522017,0.005165289,5.87E-04,0.001930115,2.29E-04,0.0032629,0.009162956
167,0.005206299,0.005414594,0.005504672,0.006594449,0.001189969,2.19E-04,0.004591561
168,0.002333951,0.008473543,0.004241712,0.003005254,0.003247114,0.007159498,0.006597703
169,0.007183243,0.002079646,0.001179448,0.008148358,0.00416363,0.007730673,0.003709325
170,0.004825821,0.005372808,0.001294869,0.006296192,0.002459992,0.007942066,0.006689542
171,0.006931362,0.003532143,0.009964553,0.002348933,0.002236165,0.004099895,0.002441943
172,9.46E-04,0.0041708,0.004773269,0.007320502,0.007396848,0.002233386,0.003068753
173,0.007979179,0.001492869,0.007985466,0.00572815,0.005807716,4.49E-04,0.009921818
174,0.008661169,0.004100679,0.008350551,0.003196624,0.009055539,0.008393666,0.004050558
175,5.25E-04,0.008895681,5.81E-04,0.006407122,0.007695248,0.001640712,0.002678746
176,0.005923069,0.009568605,0.004134849,0.00493759,0.004825911,1.68E-04,0.003958048
177,0.002154981,0.00341831,0.003537319,0.008371951,0.001505711,0.00913241,4.06E-04
178,0.004776008,0.004979988,0.006137456,0.009377894,0.00416089,0.009608714,0.007578654
179,3.63E-04,0.008431085,0.009055271,0.00956622,0.002274645,0.00966583,8.66E-04
180,0.005887102,0.006624737,0.004397288,0.004697884,0.005077843,0.003604123,0.008807165
181,0.008176528,0.006975615,0.007450463,0.001377717,0.008694554,0.004155431,0.003485488
182,0.007980348,0.001415119,0.004765065,6.13E-05,6.45E-04,0.006027302,0.007185237
183,0.00484026,0.005324168,0.007384667,0.003671146,0.006326724,0.005855749,0.008059646
184,0.009672398,0.008375554,0.001015026,0.004059183,0.007881964,0.007521454,0.009069793
185,0.008472428,0.001230751,4.05E-04,0.009563772,0.001659206,0.007022942,0.001313983
186,0.005193761,7.38E-04,0.005198234,0.007920204,0.007591672,0.005597827,0.007310629
187,0.00665123,0.00958257,0.003424217,0.009229479,0.007830482,0.00306206,0.008836504
188,0.009796949,0.004703379,0.006021187,0.002110136,0.009717125,0.009778813,0.004444239
189,0.00368973,0.009805481,0.00653295,0.004814615,0.009214412,0.005393442,0.004454181
190,7.86E-04,0.005617613,0.004161309,6.52E-04,0.00321248,0.005513538,0.007963803
191,0.00181071,0.006172738,0.004045432,0.005316017,0.0061328,0.002894773,0.009646123
192,1.24E-04,0.006108874,0.004545429,0.007749244,0.003969387,0.00943216,0.001745316
193,0.004389918,0.003810074,0.007192664,0.003361221,0.004846576,0.004289364,0.005599963
194,0.0096395,0.001000964,0.004040862,0.009916787,0.007066003,0.009931301,0.00833185
195,0.007029461,4.73E-04,0.005403936,0.006190427,0.006137943,0.003859828,0.003391724
196,0.008761892,0.005417316,0.005157167,0.002522758,0.007056333,0.006184259,0.001730331
197,4.51E-04,0.001477818,0.005096124,0.002810199,0.007540524,0.002566687,0.00921693
198,0.002230887,0.009968733,0.002239894,0.008403688,0.009866437,0.00537781,0.007480389
199,0.004398137,0.002980087,0.005543396,0.003905062,0.006253099,0.009334557,0.002178434
200,2.9933474,0.007279303,0.002359088,0.003953693,0.003369317,0.009567677,0.004928699
201,3.024663,0.00617099,0.008323741,0.002383408,0.008478864,0.009819283,0.009744856
202,3.0132663,0.00914035,0.003352328,0.002977777,0.008225711,0.007136427,0.008394569
203,3.0082726,0.002094559,0.002462803,7.21E-04,0.005204385,0.005366164,0.008376618
204,3.0178719,0.002445547,0.002065598,0.003719556,0.002050874,0.008893414,0.007846919
205,3.0613592,0.007406384,0.001495635,0.007964403,0.007951998,0.00468448,0.004062466
206,2.9703112,0.003745185,0.006130143,2.17E-04,0.005438586,0.009683175,0.003026415
207,2.945494,0.005376115,8.62E-04,0.009378743,0.001831926,0.007663021,0.004549428
208,3.0274634,0.008102112,0.008098112,0.00574929,0.008478118,0.004616687,0.005930462
209,2.9606597,0.002214568,0.006304897,0.006370361,0.00815475,9.95E-04,0.00415906
210,2.9122448,6.9720416,0.005506514,0.00621339,7.0855646,0.006203321,9.07229
211,3.0749032,7.0399714,0.003056678,0.003186563,7.090981,0.00122086,8.932382
212,3.0028543,7.0099688,0.009613902,0.002210325,7.094706,0.008578088,8.976282
213,3.0210838,7.07248,0.005736089,7.78E-04,6.904302,0.003387343,8.953638
214,2.9915001,7.01943,0.007916852,0.005259208,7.033993,0.006370376,9.098818
215,3.081505,7.00244,0.004013787,0.001491935,6.926243,0.004785702,9.082354
216,2.93157,7.075182,0.005957436,4.44E-04,6.9867764,0.004572429,8.921156
217,2.9884534,7.0764074,0.005599045,0.00142832,7.04969,0.008833971,8.995798
218,3.0367568,6.9434834,0.005825624,0.001957011,7.067202,0.007907225,9.006649
219,3.0115335,6.919879,0.007114972,0.009393829,7.027576,0.005802646,8.9472065
220,3.0654252,7.032756,0.006682918,0.001187006,6.93205,0.001879251,8.910685
221,3.0236132,7.0094857,0.00350218,0.002623167,7.0429435,0.005100165,8.994527
222,2.968662,7.0750985,0.004720386,0.008430038,7.022561,0.005974488,9.04728
223,2.906655,6.964667,0.006085719,0.003531107,6.9856763,0.009634372,8.985925
224,2.9043477,6.967658,4.44E-04,0.007865514,6.945414,0.002758106,8.955
225,2.9253554,6.903142,0.009071156,0.008592038,6.9998946,0.001364308,9.010378
226,2.9286475,7.026227,0.002875437,0.0026012,6.937577,0.005144115,9.006958
227,3.0370984,7.074716,0.009559536,0.008448792,7.0679255,0.009655515,8.991484
228,2.930112,7.0466638,0.007081674,0.008426737,7.0855246,4.68E-04,9.046764
229,3.0761287,6.98244,8.79E-05,0.007075882,7.005842,1.49E-04,8.9963
230,3.0328095,6.948781,9.16E-04,0.005010477,6.9261765,0.001616594,8.9642725
231,2.9310887,7.080139,0.007956259,3.97E-04,7.0478806,0.002338797,9.003579
232,3.0794039,6.911034,0.002562531,0.004975974,7.088748,0.007117528,9.014298
233,3.0892518,7.090018,0.007281543,4.15E-04,6.9069314,0.003316585,8.9101
234,3.0317688,6.964856,0.004630301,3.20E-04,7.0406837,0.008428054,9.044099
235,3.0372036,6.9808307,0.00775484,0.007461243,6.90808,0.00364612,8.911137
236,2.9676878,7.079914,0.00643155,0.002540238,6.9770303,5.73E-04,9.050217
237,2.953729,7.081533,0.005747221,0.009566788,7.0223784,0.008176473,9.060617
238,3.0826173,7.0643167,5.79E-04,0.005525908,6.9944463,0.003668924,9.00438
239,2.901797,6.9509616,0.005828796,0.006641224,6.977293,0.009922517,8.965706
240,2.9536796,0.005041575,0.006138089,0.006478631,0.006620245,0.006794473,0.004790692
241,2.996401,0.004669805,0.003399866,0.006798831,0.008493997,0.002722544,0.006679142
242,2.9205093,0.002438087,0.009843825,0.009951326,0.009242139,0.00119872,0.006713594
243,2.9953728,0.004578859,0.006287844,0.009931435,0.005772926,0.008063195,0.007369241
244,3.0688004,0.005174544,0.00198071,0.008463977,7.76E-04,0.008241832,0.001315969
245,3.0110502,0.008429519,0.006489823,0.007815753,0.006047895,0.001694636,0.005768388
246,2.955145,0.008278496,7.39E-04,0.002341684,0.006305188,0.004991887,0.00133461
247,2.9798176,0.008225249,0.004232152,0.002535201,0.002547964,0.005983628,0.007441063
248,3.0268,0.003491943,4.88E-04,0.003547596,0.009632002,5.24E-04,0.006609895
249,3.0402,0.008302383,0.009013303,0.003771753,0.009639869,0.007503853,0.005110873
250,3.011343,0.009680132,0.006461193,0.007811853,0.001217289,8.955085,0.005913165
251,3.0726464,0.003864468,0.004976042,0.007154948,8.42E-04,9.000359,0.008280604
252,2.9758098,0.001317247,0.002809783,0.005594544,0.002223893,8.974907,0.002144989
253,2.9377494,0.004131854,0.00684507,0.008008501,0.007390806,9.039327,0.00951394
254,2.983095,0.004399649,0.008534023,0.002016396,0.00598661,9.084271,0.001350232
255,3.0349278,5.05E-04,0.003635854,0.008769948,0.006377009,8.953905,0.006496725
256,2.9584126,0.004928095,0.008150287,0.005339469,0.008705257,9.02802,0.007121378
257,2.9891996,0.002077472,0.008602328,0.001428863,0.009313813,9.035119,0.009145539
258,2.976931,0.002716639,0.001409035,0.001719545,0.002610784,8.976661,0.006001494
259,2.9863148,0.001219988,0.008502071,0.004481679,0.008408652,8.948062,0.009354454
260,0.009059454,0.002503188,3.90E-04,0.004463675,0.008848879,9.040095,6.81E-04
261,0.004771425,1.87E-04,0.003617907,0.004177088,0.003139928,8.913695,0.008180027
262,0.008395538,0.004774078,0.007847349,0.009936041,0.006529691,8.952179,0.008931615
263,0.006183532,0.001229966,0.002328711,0.00286006,0.005599955,9.046983,0.006916573
264,0.003708777,0.002335306,0.008887799,4.32E-04,0.005065533,9.06862,0.001246344
265,0.009443714,0.001632246,0.002957522,0.009743322,9.72E-04,8.967667,0.007508823
266,0.008768096,0.002273089,0.008598809,0.009995547,0.001414311,8.929559,0.006582354
267,0.002676479,0.006559818,0.00857336,0.006764905,0.003296696,9.022483,0.00683146
268,0.001717481,6.96E-04,0.001952743,3.52E-04,0.003112224,8.947426,0.007008879
269,0.007355002,0.00541204,0.002159978,7.45E-04,0.00501426,8.953599,0.00362258
270,0.003309131,0.00353785,0.003509893,0.006252503,0.004055982,9.093575,6.76E-04
271,0.005242095,0.006317894,0.004709135,0.002845383,0.007723463,9.066333,0.006222465
272,0.004738377,0.007046977,0.003666282,0.007837697,0.00851713,8.980366,0.001609757
273,0.0058182,0.001994312,0.00431087,0.003460499,0.006950277,9.066274,0.001015625
274,0.008129044,0.007616845,0.004479622,0.009719924,0.001567693,8.928203,0.001283105
275,0.007191137,0.002910619,0.002005234,0.009836336,0.003795471,8.906976,0.002721965
276,0.008376498,7.78E-04,0.001637379,0.004742484,0.001289332,9.032312,0.003743018
277,0.003521727,0.008719628,0.009179449,6.98E-04,0.004092735,8.997129,0.007895074
278,3.96E-04,0.001924546,0.003661614,0.004649793,0.001243759,9.0176325,0.004760517
279,0.004401523,4.50E-04,6.36E-04,0.006373802,0.001611956,9.021889,0.00646863
280,0.008045773,0.007348835,0.004829782,0.009743805,0.005709865,8.910905,0.008804008
281,0.00131521,0.006832039,0.008454965,0.009785648,0.006109713,9.026035,0.004596193
282,0.008377827,0.008952996,0.00297641,0.007014315,0.006246542,9.039082,0.001772175
283,0.005586394,0.002249923,6.26E-04,0.007343111,0.002253402,9.054188,0.006849357
284,0.009327806,0.002569509,0.006868428,0.00800442,0.005916709,9.0576515,0.004774115
285,0.003160379,0.008730398,0.008612956,0.004342023,0.009057836,8.941004,9.12E-04
286,0.00841772,7.96E-04,0.003351746,0.007961486,0.007798604,9.049751,0.00573625
287,0.008684229,0.003619181,0.002985953,0.005751432,0.006248974,9.065712,0.001917667
288,0.00114301,0.001805413,0.001176888,6.22E-04,0.00159979,9.048434,0.00329381
289,0.003909437,4.50E-04,0.001623567,0.005076098,0.008527916,9.03226,0.002540635
290,0.008065388,0.005626475,0.004149457,0.004625008,0.006755985,8.904762,0.006923627
291,1.16E-04,0.006189109,0.00140187,0.004782674,0.008012227,9.088693,0.004758308
292,5.23E-04,0.006157981,0.009932899,0.009219024,0.00141314,9.041183,3.23E-04
293,0.00753609,4.85E-04,0.009583138,0.006106144,9.88E-04,9.065042,0.008030945
294,0.00364139,0.007864173,0.004966186,0.007162791,0.004323019,9.033789,0.001959803
295,0.005463635,0.004685787,0.003073206,0.002046153,0.006662228,8.974272,0.009593139
296,0.007938065,8.23E-05,0.009151207,0.009862118,0.004689814,8.902393,0.008923266
297,0.008594817,0.001862884,0.002406956,0.009248895,0.001868764,8.999826,0.005985252
298,0.004285113,0.003528904,0.003411143,0.004579867,0.003241411,9.051125,0.002714763
299,0.009108847,0.006461674,0.00768192,0.005071455,0.007953937,8.978486,0.001136321
300,0.001990808,0.004533388,0.007212783,0.001532477,0.004711242,9.094397,0.009516032
301,0.00102183,0.009842088,0.007965163,0.009357973,5.95E-04,9.099111,0.007823205
302,0.002977614,0.004259116,0.003567599,0.002760701,0.007046032,8.977295,0.002480916
303,0.006571776,0.008163732,0.006067583,0.003830432,0.003535789,9.074984,0.003607178
304,0.001820622,0.006537308,0.003856681,0.007572603,0.009136165,8.911707,4.86E-04
305,0.001916602,0.002791608,0.001475508,0.009114839,0.006588455,8.936689,0.004164129
306,0.008167206,0.007608574,6.36E-04,0.006192553,0.005927167,9.009837,9.43E-04
307,0.006634571,0.002677741,0.004958571,0.002483309,0.002434072,9.038629,8.97E-04
308,0.004801444,7.54E-05,0.001035629,0.003942384,0.005235328,8.917489,0.004189941
309,0.003655687,0.008649533,0.005585715,0.001685048,0.006311715,8.908368,0.002812216
310,0.00744766,0.007580586,6.9897094,1.06E-04,0.003373724,8.996746,0.002732489
311,9.10E-04,0.002935423,7.024124,0.008649357,0.005532851,8.905264,0.006661562
312,0.006023855,0.004354872,6.9156723,0.00570175,0.009306644,9.050107,3.20E-04
313,0.005590972,0.003904545,7.0972667,0.004349851,0.009623167,8.932285,0.003449427
314,0.007248677,0.007882017,7.012645,0.002187465,0.008094151,9.038114,0.007345861
315,0.00625361,0.007305736,6.9129047,0.00429364,0.006874804,9.080301,0.002573595
316,0.004659794,0.003904702,6.9627237,0.002913596,0.001061521,9.044937,1.41E-04
317,0.006672404,0.006272104,7.0622168,0.005607969,0.004116387,8.922548,0.008447396
318,0.009695579,0.001092628,6.9280596,0.002648031,7.22E-04,8.969828,8.55E-04
319,3.39E-04,0.004113991,6.995947,0.007799835,0.005852494,8.942417,0.004620689
320,5.98E-04,4.96E-04,6.910771,0.00912337,0.00487659,8.948069,0.001384582
321,0.002610591,0.006152847,6.9209094,0.0023146,0.00870721,8.921645,7.04E-04
322,0.009679868,0.0098456,6.980811,0.008218849,0.00450723,9.067777,0.002216269
323,0.00286344,3.42E-04,6.9109206,0.001965152,0.001791246,9.06857,0.00117094
324,0.002717983,0.009624476,7.030637,0.009722184,5.96E-04,8.986184,0.004523708
325,0.00565759,0.005564293,6.95967,0.002184515,0.002505254,9.085082,0.008090339
326,0.001754625,0.001203037,6.9558916,0.009663351,0.003589864,8.951789,0.008995222
327,0.004114697,0.001761233,7.0875177,0.007506886,0.007043903,8.992599,0.002554886
328,0.007832623,0.004236208,7.031784,0.003838141,0.007048505,8.900898,0.006789463
329,0.001734584,0.006527965,6.9894495,4.33E-04,0.001970107,9.025978,0.009968416
330,0.007728478,0.002685593,7.0337057,0.003557514,0.001503429,8.965665,0.009088691
331,0.009171444,0.008630539,7.0010023,0.006211166,0.006524436,8.902139,1.25E-04
332,0.006690499,0.005476269,7.019362,0.001925991,0.001607746,9.056,6.19E-04
333,0.008473043,0.003872579,7.0146966,0.007465931,0.008502809,8.947842,0.004285636
334,0.001779102,0.007878313,6.982839,0.007468859,0.006342162,9.062908,0.006404709
335,0.009651368,0.002672581,7.0312424,0.00208296,6.01E-04,9.077165,0.003152494
336,4.61E-04,0.004571429,7.046314,0.001938115,0.008981277,8.982489,0.008223111
337,0.00876133,7.99E-05,6.935526,0.007342901,0.009961044,8.920515,0.004009902
338,5.42E-04,0.001185112,7.0633125,0.003218581,0.007451817,9.037409,0.009592447
339,0.005815527,0.007290016,6.9832783,0.002772431,0.004454411,8.978359,0.00451616
340,0.007858736,0.001432479,0.007741966,0.009860212,0.001950396,8.939023,0.003669777
341,0.007601643,0.002153608,0.004870697,0.004266331,0.003111929,8.987284,0.009089918
342,9.53E-04,0.005142231,0.006330786,0.00565569,0.001649353,9.0040865,0.003691452
343,0.009882895,0.003940015,0.00636513,0.007156233,3.64E-04,8.9046755,8.99E-04
344,0.009485014,0.004253235,0.006464975,0.00548298,0.00601493,8.934287,0.008254271
345,0.005482542,0.002531885,0.00779853,0.006522714,0.009749129,8.930395,0.004749849
346,0.008629547,0.009726425,0.00793569,0.004303713,0.004796043,8.95661,0.0050519
347,0.006656235,0.003215331,0.002112706,0.00824338,0.009966827,9.056793,1.90E-04
348,0.002050745,2.50E-04,0.003467165,0.001556441,0.008811383,9.083037,0.004009299
349,0.009060222,0.007794166,0.009925819,0.004206142,0.007101444,9.067766,0.008732572
350,0.004283737,0.001306467,0.009631415,0.002359613,0.007058625,9.007621,4.32E-05
351,0.009991714,0.009503873,0.008464042,0.003553805,0.001242868,9.066839,0.0079228
352,9.59E-04,7.39E-04,0.001957783,0.003936493,0.003776847,8.948998,0.003960169
353,0.009717057,3.27E-04,0.001313572,0.008616915,0.003247887,9.005365,0.009100123
354,0.005023894,0.009287017,0.004315982,0.001831263,0.007390445,8.951454,0.007921528
355,0.003263821,0.00310831,0.005100783,0.007783762,0.009946559,8.984609,0.005927425
356,0.005182149,0.00400554,0.003188411,0.001983609,0.005822045,9.065485,0.006181397
357,0.002528879,0.009218861,0.005898723,0.00749054,5.30E-04,9.027834,3.82E-04
358,0.00149968,0.001081722,0.00625068,0.005093915,0.004649263,9.08017,0.007768672
359,0.008783767,0.003404495,0.006810816,0.004925745,0.007298504,8.946666,0.009902603
360,0.003556791,0.006824141,0.005351887,0.002311541,0.004755398,0.004590088,0.001844708
361,0.002322774,0.007443507,0.003885519,0.001159358,0.004412442,0.005076214,0.00922752
362,5.85E-04,8.28E-04,0.008725669,0.001827768,0.009340679,0.006424231,0.008641548
363,0.005123696,0.001002295,2.00E-04,0.009051581,0.005071707,0.006786999,0.008314208
364,0.006444157,1.44E-04,0.009360198,0.005009262,0.009865998,0.001528381,0.00527084
365,0.009845154,0.002871473,0.004895498,3.84E-04,0.001902367,6.76E-04,0.001287724
366,0.006749527,0.004217767,0.002795073,0.00616787,0.001235894,0.004608652,9.90E-04
367,0.002480695,0.00594462,0.002255695,0.004695918,0.005695255,0.007944232,0.002940612
368,0.001278067,0.006228929,0.00117391,0.009672246,0.006426917,0.007397961,0.006507285
369,0.009585176,8.14E-04,0.005095987,0.006912536,0.002457815,0.002714393,0.008771176
370,0.003404872,9.72E-04,0.002735558,0.001954238,0.004059799,0.0079271,0.005999988
371,0.004583697,0.002740281,0.001010969,0.009193294,0.008681471,0.00638822,0.001465184
372,0.004724599,0.003550927,0.009740412,0.00897962,0.001921265,0.006601268,0.004151415
373,0.001511513,0.005655885,0.001146153,0.002840526,0.005363461,0.006094795,0.003081222
374,0.008327344,0.007820868,0.009360916,0.004214206,0.009080134,0.001924333,0.007819704
375,0.001203051,0.0014735,5.40E-04,4.26E-04,0.005551552,3.66E-05,0.004794235
376,0.008106852,0.001918674,0.003670597,1.42E-04,0.006521958,0.009116867,0.008023153
377,0.001880881,0.008683233,6.06E-04,0.004531327,7.47E-04,0.002926259,0.009036181
378,0.004777405,0.008374453,0.00749117,0.002440671,0.004750731,0.001888475,0.00158718
379,0.008066624,0.007367731,0.006644612,0.004227192,0.003491292,0.003174775,0.006241183
380,0.006347944,0.003682869,0.008543277,0.009316837,0.008772142,0.006963086,0.007863663
381,0.003364568,0.008422561,0.002450305,0.001254644,0.006817138,0.007864087,0.006493167
382,0.00212647,0.001997008,0.008728225,0.005849025,0.009571624,0.003174221,0.007865578
383,9.18E-04,0.00900365,0.005938627,0.00617534,0.003212676,7.25E-04,0.006368164
384,0.003976848,0.007424992,1.74E-04,0.001062874,0.003516766,0.009946242,0.005496266
385,0.002014657,0.008746482,0.002502461,0.007762511,0.003495697,0.004857816,0.001686821
386,0.006689836,0.001673881,0.005231145,0.002602232,2.61E-05,0.00150139,0.001428593
387,0.007571457,0.007900997,0.009573085,0.002655909,0.008928747,0.00439293,0.006114159
388,0.004720213,0.00827609,0.007319471,0.004031919,0.004926768,0.00326885,0.003833068
389,0.008054489,0.008586486,0.006989684,0.003787166,0.002379579,0.00484687,0.004276282
390,0.005035807,9.69E-04,0.004412608,0.003987606,0.004839336,6.53E-04,0.009388067
391,0.006124951,0.009371175,0.003535341,0.005952439,0.007968299,0.008955338,0.00186413
392,0.003869307,0.003945039,1.12E-04,0.005463768,0.002935917,0.009817336,0.00674555
393,0.009128325,0.00539346,0.002956,0.001890988,0.004946818,0.005048179,0.006962894
394,0.008301002,0.002438016,0.008394128,7.11E-04,8.76E-04,0.007583793,3.82E-04
395,0.008986726,0.006432294,3.76E-04,0.007643996,0.004363589,0.006629977,0.009326527
396,0.004964746,0.007654691,0.008024354,5.52E-04,0.006576305,0.007380404,0.009139639
397,0.008483028,0.00246251,0.007030896,0.008233612,0.005058869,0.001270987,0.002597777
398,0.006989067,0.004318405,0.005661144,0.001839522,0.004754135,0.009729415,0.002957038
399,0.001052481,0.005150622,0.00229216,0.003827601,0.004738395,0.001879293,0.008486933
400,0.004382697,0.008490989,0.003373276,0.008470876,0.002552042,0.005668361,0.006585533
401,0.006580016,0.007904973,0.003974516,0.008643637,0.008155403,0.005172633,0.008942527
402,0.001364794,0.008987585,0.005650102,0.007493477,0.007696408,0.006261567,0.007384549
403,0.006239436,0.001032153,0.002784781,0.00459649,0.006005397,0.008050856,0.009493495
404,0.009134742,0.006164231,0.003235244,0.004758476,0.0019317,0.009810345,0.008549829
405,0.002848595,4.04E-04,0.003541884,0.004892037,0.008061492,0.008535052,0.003677962
406,0.002877913,0.005493266,0.00997815,0.004106529,0.009283501,0.004194574,9.37E-04
407,0.009640132,0.002035275,0.003548406,0.008809071,0.002750987,0.001027762,0.009105185
408,0.004609615,8.63E-04,0.004243752,0.009823757,0.002068589,0.00600053,0.008662272
409,0.004692184,0.003931439,0.008514966,0.003261754,0.003040185,0.006495298,0.001874953
410,0.007060589,0.00950545,0.0066921,0.006037012,0.008584551,0.001578915,0.002136789
411,0.002803007,0.004410301,0.004929519,0.00347443,0.007742269,0.003506486,0.009296825
412,8.85E-05,0.009753274,9.79E-04,0.005640287,0.00477393,0.001146037,0.009521701
413,0.003446836,3.31E-04,0.008245525,0.00939261,0.00562385,0.001204391,0.004948038
414,0.008039919,0.007242459,0.006266816,0.009406639,0.00865937,0.003546534,0.004641628
415,0.007078378,0.002893852,0.002105585,0.00505878,0.001735141,0.006654813,0.0037652
416,6.57E-04,0.009721675,0.009614803,0.00713655,0.005371551,0.001738412,0.008305519
417,0.001766847,0.005091477,7.33E-04,0.009953014,0.005845566,0.006617311,0.004106658
418,0.009191485,0.005326619,1.24E-04,0.003362393,0.002619328,0.002684554,0.006307723
419,0.004587666,0.006795903,0.005173248,0.007683244,0.008693987,0.00372473,0.004418465
420,0.004613499,0.001226448,0.004128598,0.001451009,5.54E-04,0.007727168,0.002894324
421,0.003875135,0.007733164,0.002133794,0.002949686,0.00476724,0.004032964,0.002500468
422,0.003532307,0.006112746,0.004172598,4.48E-04,0.006320015,0.003114511,0.003484921
423,0.008180274,0.008214519,0.009543949,5.37E-04,0.009652665,0.002704947,0.00845647
424,0.005644792,5.26E-04,0.002685105,0.007055717,0.005936106,0.00491805,0.006358052
425,0.009266466,0.004026194,0.005644358,0.004433871,0.004663986,0.006606489,0.008624358
426,0.001211268,0.007807975,0.001281907,0.001452226,0.004330897,0.007742153,0.004848693
427,7.37E-04,0.007998096,0.003445928,0.003869946,0.0027531,0.00229495,0.00736248
428,0.008884584,0.007192448,0.006836388,0.00577797,0.006876492,0.004350285,4.72E-04
429,0.001789487,0.002734188,0.001965937,0.009997292,0.003874739,0.009347246,0.009105414
430,0.009902386,6.64E-04,0.007714348,9.75E-04,0.00208692,4.18E-04,0.002978768
431,3.58E-04,0.009147188,0.001919557,0.009660635,0.008491936,0.007367291,0.002027176
432,0.009521363,6.21E-04,0.005860388,0.003962355,0.008474097,0.00922627,0.006443127
433,0.009558919,0.004745085,9.64E-04,0.00477337,0.008166921,0.009094399,0.001738237
434,0.007041053,0.004676151,0.0093204,0.007998832,0.008074313,0.009213449,0.005500919
435,0.001352114,0.006107763,0.001468265,0.009465096,0.007887359,0.006657064,0.003313736
436,0.001843351,0.003230426,0.002953725,0.004415978,0.002708984,0.00927374,0.003216306
437,0.006862172,0.007303397,0.008774095,0.005668975,0.006488415,0.006627967,0.009566631
438,6.66E-04,5.51E-04,0.003789099,0.001012476,0.005537571,0.003661702,8.99E-04
439,0.001479194,0.001854998,0.006490257,0.008063369,0.007147301,0.006677268,0.004648139
440,0.005527671,0.009242781,0.009064279,0.008367497,0.002408295,0.008914632,6.31E-04
441,0.007124991,6.00E-04,0.006408164,0.004249269,0.007192931,4.27E-04,0.003928865
442,0.008136536,0.004251989,0.005407332,0.00964833,0.003516892,0.007662482,0.007082995
443,0.00367285,0.00280148,0.007766585,0.007305431,0.005476941,0.001806072,0.002681758
444,0.0045835,0.006298195,0.00390915,0.006446028,0.003142641,0.009296499,0.006250849
445,0.006088683,0.008200089,0.00489981,0.008082945,0.00122532,0.008625674,0.008690286
446,0.009202322,0.006114051,0.008636434,0.00442876,0.002035109,7.60E-04,0.003464319
447,0.00537214,0.004385959,0.004619051,3.98E-05,0.002907484,0.001126698,0.003723697
448,0.002650055,0.002708137,0.002170845,0.009648837,0.005259387,0.005111445,9.65E-04
449,0.006626835,0.006719663,0.008224225,0.00242744,0.001341197,0.002453163,0.009381274
450,0.001766794,0.008450033,0.006355376,0.00301389,0.005950389,0.00372939,0.009644228
451,7.29E-04,0.007708567,0.005876786,0.00917314,0.002459904,0.007922965,0.007478206
452,0.006328792,0.005905702,0.005999323,0.005417158,0.009050556,0.00518423,0.009399699
453,0.001092323,0.003737018,0.008584843,0.002893467,0.001210693,8.46E-04,0.009640124
454,0.005283762,6.36E-04,0.007848399,0.005341673,0.006375785,0.009797683,0.005860827
455,2.61E-04,0.009775655,5.03E-04,0.001763211,0.005576444,0.007743255,0.005647898
456,0.005895233,0.007576804,0.002769787,2.77E-04,0.006531612,0.001055292,0.006810518
457,0.003735827,0.006250979,0.009221822,0.003175473,0.005219003,0.002041936,0.003229583
458,0.007965563,0.007951475,5.31E-04,0.001231582,0.007638954,4.22E-04,0.002069764
459,0.00899825,0.0068022,0.006635812,0.00258769,0.001559302,0.005642963,0.001176409
460,8.93E-05,0.008077189,0.009555879,0.009029904,0.003473396,2.16E-04,0.004460428
461,0.004574924,0.004948751,0.00763977,6.94E-05,0.008926814,0.003740891,0.002952435
462,0.009938858,0.009907639,0.008010882,0.00239253,0.001515142,0.004315311,0.003949226
463,0.007893969,0.001591982,0.007877885,0.005860961,7.50E-04,0.002600226,0.004304478
464,0.00872422,0.007046594,0.0029752,0.001182116,0.005183002,2.74E-04,4.81E-04
465,0.007118256,0.002225928,0.007084002,8.21E-04,0.00149157,0.008906263,0.008035648
466,0.005115955,0.005449,0.005374519,0.006332274,0.008913787,3.75E-04,0.005223429
467,0.004078486,0.002275493,0.007959104,0.007686156,0.007365406,0.005172025,0.004201392
468,0.00358206,0.008625491,0.004948839,0.008219765,0.009070405,0.007125866,0.00292869
469,0.005562126,0.00425087,0.006213754,0.005360897,0.004875937,0.00944077,0.008984234
470,0.009872171,0.006250994,5.62E-04,0.002409696,0.002333877,0.009326551,0.006489895
471,0.003651993,6.33E-04,0.009341788,0.005433631,0.001272454,0.001217495,0.009709046
472,0.004480997,0.00836153,0.001488864,4.02E-04,0.006266145,0.004229014,0.006114703
473,0.002477297,0.009407104,0.00622741,0.008168585,3.83E-04,0.004827327,0.003525146
474,0.006629519,0.005361976,0.008369651,2.03E-04,2.25E-04,0.005221062,0.001214233
475,0.005916214,0.003863511,0.008002431,0.003527994,0.008546463,0.007962554,0.009698834
476,0.003501654,0.004761905,0.002887503,0.009039135,0.00347142,0.001210258,3.83E-04
477,0.005591643,0.007175951,0.001188965,0.001415058,9.56E-04,0.007365193,0.009068117
478,0.005144254,0.006650643,9.56E-04,0.007485983,0.006904313,0.006459966,0.009722217
479,3.94E-04,0.003987631,0.005454796,0.008104321,0.008394288,0.006814718,0.002691925
480,0.006151874,0.001504535,0.009628979,0.009672937,0.004825426,0.008459041,0.009245239
481,0.002049685,0.002937588,9.87E-04,0.002577435,0.007774686,0.009860508,0.006104555
482,0.003680608,9.20E-04,0.005794698,0.009411238,0.008864676,0.006729282,0.001872459
483,0.007597934,0.004072146,1.07E-04,0.005660184,0.008961437,0.002159257,0.006731392
484,0.003727327,0.006565067,0.008979769,0.003236142,0.001865818,0.009878807,0.0062429
485,4.93E-04,0.005272273,0.007223065,0.006001688,0.001945849,0.005546301,0.003147209
486,0.00632527,0.007140165,0.008711779,0.001993183,2.18E-04,0.0091266,0.008633944
487,0.00132616,1.74E-04,0.00325452,0.003183694,0.0066583,0.008877588,0.004020067
488,0.006291471,0.001948363,0.002535291,0.006097235,0.007636672,0.008729018,0.007046236
489,0.005455546,0.003134476,3.95E-04,0.008825317,0.006555845,0.003610558,0.007182444
490,0.001456979,0.002016129,0.006095132,0.001665568,0.006562893,0.001852191,0.002021298
491,0.004237704,0.002274783,4.23E-04,0.00927869,0.002948158,0.005526071,5.51E-04
492,5.52E-04,0.00233228,0.005010804,0.005928814,0.008664343,0.00141785,1.06E-04
493,0.004906915,7.51E-04,0.001963201,0.007309887,0.001003458,0.007002001,0.004163668
494,0.009832813,0.008092602,0.006441326,0.008557173,0.007838285,0.001110896,0.001756572
495,0.009666337,0.006558969,0.006341086,0.007536818,0.009033693,0.006998163,0.008856514
496,0.001451271,0.002738174,0.009261559,0.008547283,0.005875139,0.001225233,0.001695446
497,3.00E-04,0.008261549,0.007339561,0.009955184,0.008364241,0.002161667,0.001818525
498,0.008887569,0.00971958,0.007211195,0.004186077,0.006682945,0.006334352,0.005629941
499,9.81E-04,0.005137708,0.0016209,0.004822169,0.002560329,0.002065111,0.002094401
500,5.19E-04,0.004336715,0.001902027,0.001273022,0.002569739,0.008242571,0.008381607
501,0.009193545,0.005968988,0.005454949,0.008776539,0.007567196,0.00299447,0.00197415
502,0.002664868,0.00756326,0.008437692,0.004517023,0.009430106,0.00448351,0.008822646
503,0.005367856,0.007779638,0.001178327,0.008237729,0.001323909,0.007450172,0.009955793
504,0.007946667,0.003679231,0.007966273,9.48E-04,0.004297788,0.003309585,0.00182777
505,0.003423662,0.009617003,0.007352908,0.009824095,0.005375916,0.003748389,0.00172391
506,0.004308378,0.005860761,0.009697251,0.00675803,0.00221139,0.004029268,0.005434086
507,0.00164911,0.003335185,0.008568251,0.00533387,0.00702682,0.001038576,0.001353889
508,0.008953616,0.004013948,0.001811313,0.009522636,0.001892149,0.002410372,0.007431135
509,8.77E-04,0.00332958,2.70E-04,0.008407593,0.008566964,0.007509972,0.002065699
510,2.39E-04,0.002333328,0.001909186,0.00289156,0.004642414,0.005234469,0.003120946
511,0.001688135,0.006367943,0.006759829,0.002597646,0.007370855,0.002460246,0.005493736
512,0.008298452,0.007903126,0.004912586,0.007088548,0.005025773,0.003859933,0.00953537
513,0.006204426,0.005772175,0.004831487,0.0035625,0.004286127,0.008753342,0.009135989
514,0.002027401,0.008572638,0.009968691,0.004742183,0.00826306,0.00157337,0.009109783
515,0.002046566,0.007015146,0.004394971,0.007427659,0.007206694,0.009604536,0.001765793
516,0.009773769,0.008101242,0.009335378,0.001380336,0.009445185,0.003669036,0.001917035
517,0.005273973,0.003693251,0.001373494,5.31E-05,0.006338597,0.009795926,0.006845485
518,0.003547682,0.00880274,0.006447508,0.004376807,0.006289687,0.007525097,0.002885487
519,0.006868086,0.009296619,0.007288296,0.00865279,0.009079085,0.004636009,0.009930122
520,1.85E-04,0.008585987,0.008488385,0.004112303,0.006513092,0.004719436,0.002876204
521,0.009802379,0.005297212,0.006938682,0.004655222,0.007132012,0.002117625,5.91E-04
522,0.007249541,0.007195549,5.12E-04,0.009815211,0.005308894,5.65E-04,0.007586572
523,0.004456573,0.004976426,0.007826964,1.94E-04,3.13E-04,0.002777565,0.005271052
524,0.009666661,0.009753033,0.004275272,0.008037492,0.008858636,0.002813116,0.009584299
525,0.00245982,0.003878126,0.007262052,0.006596775,0.009141667,0.004291167,0.009777836
526,0.00434376,0.008380706,0.009814637,0.009397744,0.008302161,0.009957156,0.008554263
527,0.008698217,0.006653643,1.66E-05,0.00169773,0.007783351,0.001511968,0.008802597
528,0.002238852,0.001092097,0.001957443,0.004331278,7.87E-04,0.007278346,0.00635192
529,0.008752888,0.009809617,0.00797477,0.00985508,0.006105133,0.008749905,0.002120417
530,0.009322458,0.002440988,0.006396315,0.008713671,0.001837976,0.001900304,0.003585829
531,0.002346375,0.005018488,0.005195284,0.008882572,0.002681519,0.006925118,1.93E-04
532,0.002217513,0.001156049,9.26E-04,0.007801594,0.006643734,0.005621993,0.006176706
533,2.11E-04,0.006339862,0.006383249,0.00752155,0.002678865,0.009785329,0.00514199
534,0.009561904,0.004522376,6.35E-04,0.001737839,0.008402829,0.009757635,0.00523369
535,0.002244529,0.001157295,0.00289928,0.004950193,0.005982991,0.007674134,8.50E-04
536,0.003530331,0.008316372,0.001152582,0.0075158,0.004548436,7.12E-04,0.004316053
537,0.003802319,0.001681603,0.009484418,0.005640102,0.002002313,0.005020083,0.009886519
538,0.00576426,2.13E-04,0.009915229,0.002754935,0.007664715,0.009404046,9.70E-04
539,0.006806867,0.005424563,0.003016918,0.002695242,8.50E-04,0.005510635,0.006580345
540,7.58E-05,0.006667498,0.001350657,0.002709622,0.006846925,0.005153031,0.006701761
541,0.005084055,0.006615634,0.005372664,0.005811167,0.00351541,0.00214329,0.008684026
542,0.008692065,0.001060052,0.001076228,0.007769754,0.007972539,0.003277626,0.002204666
543,0.003507645,0.009722619,0.009202013,0.004933295,9.67E-04,0.004424323,0.003365683
544,0.006062971,0.009499121,0.005821797,0.008306471,0.002211466,8.96E-04,0.004773449
545,0.007386163,0.003242205,0.003875516,0.002425236,0.008463222,0.001923503,0.002794022
546,0.002034009,0.0099873,0.007706749,0.003408556,0.001592108,0.002421154,0.007990578
547,0.008749634,3.92E-05,0.009545909,0.008529024,0.003732813,0.008294271,0.006168542
548,0.005745202,0.007999769,0.002601655,0.001025828,0.007628073,0.002663273,0.001754851
549,0.006266894,0.006618347,0.008124325,0.001649633,0.00779692,0.007430621,0.00693638
550,3.13E-04,0.003977391,4.062549,0.00781071,0.004064145,0.003703729,0.0038062
551,0.004288595,7.90E-04,4.034635,0.004661102,0.004350191,0.009445062,0.009172804
552,0.002127859,0.005286543,3.9104102,0.005897306,0.001479237,0.001530359,0.003531871
553,0.007647813,0.006810073,4.0178666,0.005239533,0.006643143,0.008001625,0.006087773
554,0.004505948,0.001141454,4.0633917,0.001691473,0.009642013,0.00950007,1.50E-05
555,0.003384853,0.001900859,3.9209673,0.005001265,0.001157341,0.00770221,0.006599765
556,0.004083097,0.005475071,4.0224633,0.004022347,0.001599042,0.009933121,1.14E-04
557,0.009364399,0.004367004,3.9390914,0.002878948,0.001164184,0.004775978,0.005478414
558,0.006496631,0.001275046,3.995942,0.0086259,0.001026645,0.009380407,0.008532535
559,0.006034707,0.003628266,3.9288414,2.13E-04,0.004053015,0.001426042,0.006130794
560,8.46E-04,0.004310376,0.005985194,0.005638436,0.004530828,0.001479804,0.001166712
561,0.00939642,0.007392899,0.006229779,0.002079711,0.007469357,0.00260511,0.007468012
562,0.006608414,0.003143081,0.001559403,0.001660505,0.002563379,0.007826749,0.009827967
563,0.006003528,0.00289137,0.002214026,0.003595221,0.006532825,0.008575497,0.002058153
564,0.002095667,0.001873467,0.00386708,0.007941091,0.004258598,0.008265422,0.001312889
565,0.009754823,0.00323917,0.001744064,0.004676228,0.008263263,8.06E-04,0.00891146
566,0.00629757,0.008076167,0.004661809,0.008603433,0.001700237,0.008641757,0.005679724
567,0.002939045,0.008318845,0.002452733,0.008786191,0.007733252,0.007113062,0.002560675
568,7.38E-04,0.009060162,0.005526419,0.00470679,4.12E-04,0.004873449,0.00775975
569,0.002902282,0.0023894,0.008022117,0.003651053,0.001129579,0.002585248,0.009743941
570,5.88E-04,0.00798599,0.005477062,7.76E-04,0.00382937,0.005554289,0.006083638
571,5.87E-04,0.009361721,0.008560097,0.006261212,0.003933289,9.32E-06,0.004963826
572,0.004114415,0.007897718,0.009875841,0.004535348,0.007359552,0.001933414,0.004412943
573,0.007672431,0.006331462,0.007996442,0.003411104,0.002749379,0.009991164,0.007821771
574,0.002032865,0.006620213,0.008770079,0.0096242,6.43E-04,0.009551105,0.001377563
575,0.007066813,0.007639268,0.002819669,0.00880206,0.009208236,7.40E-04,0.004494126
576,0.007652175,0.001321546,0.001273725,0.006493223,0.006712464,0.002971881,0.002872897
577,0.003928188,0.005129805,0.001546403,7.07E-04,0.005940895,0.007999663,0.006549424
578,0.009862364,0.005777799,0.005287647,0.002407139,0.001834313,0.00667711,0.00300021
579,0.005270551,0.006196593,0.00929702,0.001309407,0.00236182,4.94E-04,0.005875752
580,0.002940106,7.78E-04,0.005136893,0.00608953,0.006544097,0.006350955,0.001668965
581,0.009662499,0.004014018,0.002145272,0.002144383,0.001183003,0.007731072,5.05E-04
582,0.004568777,0.003293511,0.003594009,0.002150144,0.004351815,0.005446878,0.008342849
583,7.82E-04,0.00454959,0.006759538,0.005169359,0.001881916,0.008307496,0.003142566
584,0.009897306,0.009954049,0.005361797,8.55E-04,0.001119013,0.009332572,7.18E-04
585,8.95E-04,0.001590785,0.009847242,0.007695359,0.001247623,0.004918245,1.44E-04
586,0.009415302,0.006875778,0.001103697,0.008261096,0.002501418,5.98E-04,0.006881082
587,0.001174387,0.004277686,0.001483384,0.001930163,0.002471831,6.65E-05,0.001251673
588,4.01E-05,4.27E-05,3.26E-04,0.003315514,0.00508327,0.003738486,0.008315727
589,0.00355742,0.005264866,0.006324538,0.007728858,0.006716602,0.0055275,0.009724491
590,0.00632201,0.007344979,0.00722145,0.002554346,0.005933405,0.009693194,0.006189893
591,0.004248961,0.001497102,0.006600151,0.00527313,0.005703232,0.001661052,0.003485032
592,0.004901509,0.006281765,0.001441753,0.009878608,0.005925294,0.002295004,0.002982705
593,0.007581082,0.002120751,0.002596421,0.003931131,0.001496546,0.005915238,0.0028245
594,0.004207193,0.006469582,0.009790106,9.95E-04,0.0010122,0.001037376,0.007548709
595,0.003642367,0.008807072,0.006911143,0.004177881,0.003518418,0.005689592,0.00121352
596,3.85E-04,0.006970328,1.09E-04,0.007024003,0.008056477,0.001558158,0.00217655
597,0.006622374,0.005870143,0.002211005,0.001973248,9.70E-04,6.88E-05,0.007280213
598,0.003187495,0.008435492,0.004025831,0.004216361,0.004194876,0.005533592,0.001634206
599,0.00827858,2.49E-04,0.002560066,0.003785513,0.006678824,0.009843212,0.007373242
600,0.004246036,0.004870397,0.005504191,0.00131176,0.001089331,0.001309153,0.004276109
601,0.002250459,0.002511468,0.001947458,0.005991778,0.001137948,0.001333418,0.005965108
602,0.008049596,9.33E-06,7.86E-04,0.009798062,0.003868539,0.001430444,0.005277118
603,0.00739499,0.008451479,0.001605353,0.003754284,8.13E-04,0.008559558,0.001966761
604,9.41E-06,0.006760118,0.006885144,0.006969351,0.003807019,0.001491553,0.009308137
605,0.00901898,0.009076088,0.00860028,0.001830166,0.004996055,5.69E-04,0.00165615
606,0.009103501,0.002669278,0.008369309,0.006406262,0.009606239,0.009446358,4.25E-04
607,0.005298766,0.003462615,3.71E-04,0.00688098,4.63E-04,0.007667031,0.007052335
608,0.006402846,0.009964101,4.27E-05,0.004295646,0.003921632,0.006130817,0.007650497
609,0.006614086,0.001251928,0.004089022,0.00756099,0.002500893,0.006906308,0.003218644
610,7.004877,3.77E-04,0.009086022,0.004210518,0.004998326,0.006465292,0.006309019
611,6.921124,0.007768416,0.001481735,0.003427079,0.006456493,0.00456309,2.21E-05
612,6.9831395,0.004930434,0.008174913,0.003766283,0.002009559,0.00923346,0.004392104
613,6.9336114,0.006778766,0.002005931,0.006069094,0.002725337,0.00119443,0.006525194
614,7.0005326,0.00925583,0.008570191,0.007480809,0.002100945,0.00889987,0.005344706
615,6.992655,0.001708799,0.002695916,0.008942408,0.004051817,0.003980008,0.007495679
616,6.9323044,3.56E-04,0.002768741,0.004563257,0.005990851,4.07E-04,1.65E-04
617,6.988565,0.002300395,0.00677063,0.005422808,0.00129119,0.005824361,0.006893165
618,6.9403286,2.03E-04,0.002214905,0.003952473,0.00211562,0.001905757,0.002543448
619,6.9291587,0.007875125,0.005060521,0.005419936,0.008619022,0.001588791,0.007868088
620,6.969844,0.001977201,9.14E-05,0.002276957,1.85E-04,0.007875116,0.007084148
621,6.9460816,0.001837442,0.001805133,0.008395265,0.002804478,0.007916768,3.82E-04
622,6.9119353,0.002450732,0.009220589,0.001415197,0.008173644,0.007906405,0.007104588
623,7.0318847,0.002151649,0.006487289,0.007343939,0.002094528,0.00457667,0.008452208
624,6.9126606,0.007962625,0.003588893,0.008741777,3.33E-04,0.003676134,9.48E-04
625,6.9958224,0.005210595,0.005574077,0.002820076,0.006860469,0.00583105,0.009032928
626,6.9333315,0.005215195,5.35E-04,0.005038939,0.002046259,0.007350259,0.003479879
627,7.0772724,0.00282124,0.006635008,0.005609708,0.007148643,0.009905871,0.003242708
628,6.939719,0.002812735,0.001873442,0.007366801,0.003001944,1.50E-04,0.008031803
629,7.048139,0.004597549,0.003954241,0.009475406,0.007210407,0.00162354,7.57E-05
630,7.01162,0.005923859,0.00244022,0.009193804,0.007236381,0.006272848,0.007483839
631,7.005727,0.00760325,9.41E-04,0.003396556,0.006862782,0.007221152,0.009604728
632,7.012307,0.007885315,0.006055324,0.009910975,0.004548685,0.008302584,0.006722161
633,7.0695734,0.006947952,0.00420403,0.00388772,0.006894816,0.004434804,0.001225278
634,7.0869074,0.007039484,0.002717031,0.004952534,0.00622987,0.009074121,0.001004746
635,7.0920515,0.001626135,0.005793259,0.008866848,0.005773495,0.00432081,0.006652999
636,6.919937,8.92E-06,0.008932544,0.005427555,0.001190988,0.007318186,7.72E-04
637,6.9436493,0.009209192,0.00979776,0.002831293,0.007548645,0.00182725,0.003523779
638,7.0783825,0.009203387,0.001152306,0.009083397,0.00969415,9.47E-04,0.006536645
639,7.0883713,0.00715974,0.003184642,4.23E-05,0.003384083,0.008740688,0.004737612
640,0.007178297,2.16E-04,0.002000494,0.009065513,0.007878722,3.76E-04,0.002254122
641,0.003589845,0.002231841,0.006571225,0.00537179,0.008671404,0.007822723,0.009657171
642,0.002623942,0.006326644,7.19E-04,0.002147948,1.09E-04,0.002603947,1.06E-04
643,3.75E-04,0.00844188,0.001691396,0.00737495,0.003676214,0.009322921,0.004290532
644,0.004055167,0.002368114,0.004377796,0.00756597,0.009423927,0.004954964,0.008217331
645,0.009068643,0.007827122,0.008994134,0.002062021,0.002430836,0.0078058,0.009367012
646,0.006467774,0.008344037,0.00996751,0.002312207,0.001700741,3.56E-04,0.008210029
647,0.003512795,0.002131168,0.001361844,0.009383194,0.003773077,0.006650971,0.003312338
648,0.009765638,0.006376931,5.67E-04,0.009629635,0.002836691,0.006089016,0.005681691
649,0.00709079,0.001739763,9.42E-04,0.004345217,0.001531548,0.001562017,0.004444774
650,1.48E-04,0.009621164,0.001096173,0.007661504,0.002617709,3.9185638,0.001103785
651,0.007714016,0.005802741,0.002976915,0.00626535,0.001712269,3.9740903,0.005991546
652,9.81E-04,0.002845318,0.001478498,0.002856589,0.004977669,3.9307916,0.004948074
653,0.002183548,0.003278111,0.008081784,0.009355968,0.00183044,4.0970726,0.003852705
654,0.004082304,0.005468012,0.001761835,0.003178338,0.004055824,3.9277856,0.001206109
655,0.009778794,0.003475874,0.007244375,0.005630414,0.00728076,4.0152435,3.49E-04
656,0.002595923,0.005257779,0.005343457,0.004672661,0.004491754,4.0449495,0.001191197
657,0.004607849,9.41E-06,0.008925532,0.003131198,0.007718633,3.9771364,0.004759567
658,0.002376476,0.005862712,0.00199245,0.009099261,0.004476392,3.9659345,0.001476749
659,0.002338802,0.008422168,0.006760462,0.003402731,0.001045888,3.9288392,3.90E-04
660,0.002441541,0.00234489,0.002025992,0.002557056,0.001528483,4.081712,0.009010725
661,0.007165952,0.003281679,0.008708858,0.007753348,0.006815007,3.9564517,0.007711114
662,0.005290722,0.004327036,5.34E-04,0.005110928,0.005204211,3.9219587,0.004425057
663,0.009337277,0.009450318,0.003036013,0.001560311,0.005085502,4.046511,0.008014335
664,0.001861285,0.00692746,0.005817493,0.008973715,0.00298323,3.9401984,0.003997456
665,0.007211202,0.007374546,0.004578415,0.005145168,0.001229348,3.9386394,0.003774392
666,0.001914673,9.21E-04,0.007637395,0.009777098,0.006510706,3.9301827,0.007880623
667,0.002897114,0.007498204,0.002534509,0.002657667,0.00447703,4.0413423,0.001912415
668,6.01E-04,0.008415397,0.008055456,0.008684383,0.004909275,3.920648,0.009444167
669,0.009184317,0.001810101,0.002050103,0.00212033,0.005553477,3.942568,0.008301536
670,0.00381104,0.001533966,0.003631261,0.006707511,7.98E-04,3.964098,0.008824678
671,0.002141103,0.004685308,0.009507392,0.009062558,0.00134932,3.9167676,0.004808388
672,0.005264853,0.004192933,0.001856577,5.84E-04,0.007354358,3.9809272,0.005090473
673,0.007775968,0.002770607,0.001389697,0.00786629,0.006826661,4.0334797,0.009952893
674,0.004781121,0.001059848,0.004691982,0.008286209,0.001698609,3.9244735,0.001434312
675,0.009147105,0.007988261,0.00943737,0.002502043,0.003232836,3.9605892,0.00676169
676,0.00106015,3.66E-04,0.006888621,0.002850623,1.66E-04,4.0300374,0.00823829
677,0.00877836,0.005673631,0.008434313,0.006295634,0.008996941,4.0583224,0.004800966
678,9.75E-04,0.00561238,0.008920511,0.004271006,0.004784097,3.9392269,3.25E-05
679,0.009027616,0.004399546,0.005113349,0.006866747,0.004562855,4.0356994,7.59E-04
680,0.006727009,0.004778854,0.002427821,0.009036032,0.001290969,3.941001,0.005709303
681,0.003838869,0.006746039,0.007430121,0.00164939,0.003862973,3.925728,0.003705761
682,0.009330583,0.008736162,0.007275761,0.006257453,0.007160591,3.9364338,0.001865852
683,1.17E-04,0.00381418,0.007760984,0.004263283,0.004496988,3.9933558,0.007540413
684,0.002395147,0.004827492,0.001958339,0.003756369,0.001751347,3.9625764,0.007938045
685,0.00666671,0.006916887,0.003705786,0.006370545,0.002131298,3.963446,0.006708811
686,7.69E-04,0.008512616,0.005005775,0.009869785,0.00947341,4.0520616,0.008546661
687,0.006433679,0.009961451,0.008240765,0.001033258,0.005702489,4.015357,0.009510474
688,0.00965671,0.009401373,0.002267588,0.009845327,0.003850996,4.0625715,0.004004031
689,0.001768986,0.006515222,0.001432835,0.005588297,0.002061898,3.9846964,9.37E-04
690,0.007714921,0.006620118,1.23E-05,0.004597989,0.00480268,4.0904446,0.008602029
691,0.007945445,0.008458544,0.008100921,0.006873339,0.007450433,3.9182405,0.008660026
692,0.002369754,0.008282458,0.004375967,0.004240539,0.001184972,4.045094,0.00860358
693,0.002505366,0.004112328,0.006343223,0.002563303,0.009200261,4.0997663,0.008441066
694,0.003329075,0.006742656,0.005062851,0.006444242,0.004560381,4.06822,0.00686051
695,0.00473924,0.004510183,0.007235333,0.006294344,0.002223021,4.0856113,7.16E-04
696,0.005623812,0.003509535,0.002711862,0.007457885,7.71E-04,4.049901,0.008846798
697,0.003151029,0.007388978,0.005081051,0.004141499,0.008907085,4.0203204,0.007505438
698,0.002344884,0.00824714,9.29E-04,9.74E-04,0.001823322,4.0413957,0.009387909
699,0.008920185,9.13E-04,0.004047024,0.007448358,0.008096878,3.933988,0.00718552
700,0.0089024,0.005586273,0.002702467,0.001284865,0.009027341,4.0640783,3.37E-04
701,0.009745398,0.008136763,0.001859516,0.004648771,0.00379712,4.0212765,0.005287415
702,6.11E-04,0.001762335,0.007386152,0.003983318,0.007546064,3.9403992,0.005348548
703,0.00301289,0.009846807,0.005355694,0.008831373,0.009409359,4.0630426,0.00862134
704,0.007768333,0.002967716,0.005398327,0.001286996,0.004434024,3.9546003,0.008252812
705,0.006779579,0.007418572,0.009275815,7.31E-04,7.87E-04,4.048729,0.001119455
706,0.002313435,0.006192825,0.008546518,0.003810467,0.004795099,4.019423,0.00952221
707,0.005748847,0.00944059,0.00681315,0.009534983,0.005646535,4.0928855,0.006263701
708,0.006376226,0.006004101,8.84E-04,0.004871535,4.92E-04,4.0648894,8.94E-05
709,0.00123833,5.17E-04,0.003505858,0.008404355,0.007223732,4.0922794,0.008504682
710,4.32E-04,0.001789279,0.008230648,0.003294399,5.30E-04,3.9640594,0.001247952
711,0.005432823,0.008306536,3.03E-04,0.003574166,0.003110654,4.0490384,0.005249376
712,7.83E-04,0.006452546,5.11E-05,0.001990765,0.003089599,4.009321,0.002372281
713,0.002162725,0.004589151,0.004657314,0.00702583,0.002540927,4.076285,0.009697519
714,0.007241567,0.001171672,0.009994487,5.89E-04,0.003532217,4.0951715,0.007294456
715,0.007574919,0.008109903,0.00270443,0.003359213,0.005731511,4.02001,7.83E-04
716,3.77E-04,7.86E-04,0.006814272,0.004092424,0.00653883,3.9466844,0.003951096
717,0.002737644,0.004929405,8.04E-04,0.003033086,0.001015154,3.9668906,0.009820071
718,0.007611288,0.009665039,0.005035275,0.006390043,8.33E-04,4.057145,0.007572654
719,0.007156658,0.00582299,4.77E-04,0.001608367,3.80E-04,4.0828853,0.009074195
720,0.001802137,0.009837736,5.90E-05,0.007637796,0.002403669,3.9169264,0.003514206
721,0.002933535,0.008398565,0.009153159,0.009119556,0.002564084,3.940374,0.0077088
722,0.008507542,0.007957708,0.009489342,7.04E-04,0.003454687,4.085105,0.003709849
723,0.006768589,0.003567179,0.006820486,0.004913766,0.008226317,3.9691088,0.007416776
724,0.006447678,0.008805925,0.006480564,0.00140834,0.004782168,3.985092,0.008649063
725,0.003944835,0.004942782,0.009927337,0.002024822,0.002028358,3.9131858,0.008117631
726,0.003402255,0.003929827,6.14E-04,0.005014962,0.0054022,4.0083723,0.001295547
727,0.00991354,0.004895413,0.002599166,0.005776781,0.007045395,4.0256352,0.002589784
728,0.009041501,3.40E-04,0.002058309,0.001909622,0.004932567,3.9521723,0.008162978
729,0.001067809,1.57E-04,0.007827087,0.004315404,0.003104559,4.095227,0.004522803
730,3.20E-04,0.006525459,0.009009636,0.005663739,0.007660154,3.9664025,0.007087806
731,0.004013777,0.00200211,0.008893061,0.003219878,0.009946901,3.9158967,0.003688071
732,9.37E-04,0.009282041,0.001161068,0.008456745,0.007049769,4.0646625,0.008449878
733,0.009248459,0.003584743,0.002462562,0.002416484,9.93E-04,4.095268,0.003581395
734,0.006946991,0.002754316,0.00139873,0.001336703,0.001479396,3.9886107,0.002634823
735,9.20E-05,0.008669782,0.007864315,0.005060622,0.0037286,4.0005255,0.004668498
736,0.007510537,7.01E-04,0.008231281,0.00898831,0.005602046,4.082937,0.008448699
737,0.005306537,0.008846845,0.002801512,0.00472724,0.00791623,4.0810547,0.001289623
738,0.005599314,0.009309689,0.005505404,0.001905132,0.002414313,3.9209647,0.005620084
739,0.005715128,0.00877139,0.009656473,0.007599483,0.005001676,4.0395446,0.003221697
740,0.004543645,0.003111718,0.007627778,0.009306366,0.002928827,4.0531287,0.006186248
741,0.002804614,0.002823262,0.001561474,0.009912294,0.007926037,3.9765391,0.007068612
742,0.004947255,0.002876934,0.005325268,0.007323461,0.008467931,4.0698996,0.009780372
743,0.004596869,0.009844733,0.006256438,8.27E-04,0.004346675,3.9657354,0.00610877
744,0.003647461,0.006175693,0.002530499,0.002277695,0.003778955,3.9680192,0.003032185
745,0.009681508,0.001868289,0.003527363,0.006408976,0.001906662,4.064777,0.005374522
746,0.004117796,0.00798235,0.001477221,0.003989148,0.002270823,3.9780676,0.003474436
747,2.48E-04,0.005639921,0.008649344,0.009293699,0.008067945,3.993151,0.006814659
748,0.001622849,0.006834715,0.003819891,0.009557146,0.001134821,3.999506,0.009615988
749,0.005107295,0.003545902,0.007020237,0.009824923,2.99E-04,4.0574574,0.004986523
750,0.008272246,0.008195086,0.007439463,0.001832463,0.008480059,3.9466228,0.005896187
751,0.002249041,6.13E-04,0.001184514,5.26E-04,0.003608293,4.0452623,0.009270334
752,0.003204427,0.009602238,0.004541035,0.006606659,0.005021263,3.93855,0.009865579
753,5.43E-04,0.002523992,1.75E-04,0.00522278,0.00993158,4.0906253,0.003870262
754,0.002876933,0.005645191,0.00826095,0.008461559,0.003531691,4.075192,0.00852974
755,0.002077572,0.003100743,0.006846054,0.004263573,0.008367195,4.013965,0.001483809
756,8.58E-04,0.005753957,0.00494731,0.002183968,0.003039191,4.088064,0.006824529
757,6.97E-04,0.009123802,0.003301201,0.006298506,0.00236979,4.0110598,0.002446115
758,0.006711091,0.005158745,0.003818287,0.006932362,0.005515001,3.903375,0.0077347
759,0.001000961,0.002351185,0.009084494,0.006930294,0.002535062,4.0936947,0.005195423
760,0.009221613,0.002330267,0.007190672,0.006062908,0.008092358,0.003290268,0.005789507
761,0.002984552,0.008561356,0.005417249,0.003157127,0.004383897,0.004303578,2.11E-04
762,0.001165336,0.00283644,0.003854118,0.001144429,0.007259044,0.003925109,0.002328539
763,0.005262468,0.007734652,1.63E-05,0.006509009,0.004612668,0.001828232,0.002135681
764,0.005374181,0.005235344,0.007485391,0.003522595,0.005191751,0.005727428,0.006881961
765,0.009156325,0.008146198,0.007023513,0.00477445,0.006570933,0.006140162,0.009966289
766,0.005581422,0.004614848,0.0068865,0.007483075,0.005731765,0.008460961,0.007699
767,0.003741819,0.006263062,0.001136135,0.003493329,0.003529037,0.006913043,0.004114355
768,0.009425731,0.001273837,0.007019362,0.002105683,0.005325573,6.36E-04,4.28E-04
769,7.35E-05,0.008618787,0.002385132,0.001305606,0.003725725,0.004792849,4.09E-04
770,0.005268695,0.00825002,0.009619862,0.003134718,0.005549225,0.003903034,0.005332913
771,3.80E-04,0.007070412,0.001211421,0.003741824,0.003702669,0.00223826,0.003007443
772,0.002877964,0.00171032,0.001021851,0.005296255,1.74E-04,4.41E-04,0.004465515
773,0.004040162,0.004411401,0.002945544,0.005160983,3.46E-04,7.15E-04,0.001501881
774,4.05E-04,0.002250937,0.007716594,4.97E-04,0.003777262,0.007340293,0.003688862
775,0.007965577,0.008696954,0.006743141,0.008919243,0.00901018,0.003148711,0.007733959
776,0.004888933,0.00486829,0.00821883,0.009105828,0.006924864,0.007291622,0.004340164
777,7.69E-04,0.00590839,0.00905785,0.008217435,0.006611832,0.006352994,0.007942687
778,2.89E-04,0.007565728,0.002704359,0.003282988,0.007280158,2.10E-05,0.003069651
779,0.001381191,0.006906529,0.003275322,0.009748865,0.008433033,0.002121029,0.008527414
780,0.008919634,0.007404638,4.17E-04,0.001081312,0.007617875,0.00834169,0.009658442
781,0.00689027,0.004760202,0.009962572,0.005667371,0.004343363,0.004370015,0.004068973
782,0.008361063,0.002286477,0.00339772,0.003301607,0.002630654,0.005669574,0.003566526
783,0.007075348,0.007338497,9.25E-04,0.006528809,1.47E-04,8.27E-04,0.004207281
784,0.00428401,0.00320215,0.004153257,0.006961677,0.002287588,0.00508621,0.003895405
785,0.004941323,9.72E-04,0.001872337,0.004830623,0.008752957,0.002500547,0.008814388
786,0.009036055,0.006288801,0.003503715,0.007425644,0.002042923,0.009988961,0.001250627
787,0.001412708,0.008555498,0.004779422,2.81E-04,0.002002196,0.009944834,0.005743559
788,0.008852074,0.00531676,0.003236799,0.008110468,0.009730009,0.001888653,0.006636227
789,0.005981343,0.007837608,0.001143169,0.009763749,3.65E-04,0.00805232,0.00174093
790,0.007729154,0.001560298,5.95E-05,0.002037143,0.00692488,0.005685602,0.003578168
791,0.003597581,0.006995515,2.69E-04,0.006506085,0.004705194,0.00782393,0.009182997
792,5.72E-04,9.79E-05,0.002571973,0.002939178,0.003935307,0.007797107,0.007823355
793,0.006384813,0.007843296,0.003818691,0.009698697,0.002167432,0.00492684,8.01E-04
794,4.47E-04,0.00499734,1.62E-05,0.007144157,0.003468463,0.008693935,4.54E-04
795,0.009117027,0.005971487,0.005279083,0.001804841,0.00958231,0.007562704,0.002968425
796,0.006579421,0.003469328,0.009923941,0.007811922,0.008150576,0.001942625,0.00745106
797,0.001947791,0.009368866,0.004327714,0.001227499,0.009959402,0.005570157,0.009288607
798,0.009030989,0.003662587,0.004636707,0.004495734,0.002206291,0.004801219,0.002566991
799,0.007079466,0.006184008,0.004591764,0.001612668,0.005533617,0.005185377,0.008832973
800,0.009457131,0.007414931,0.003225114,0.007384694,0.002138567,0.006178697,0.002909231
801,0.007220232,4.61E-04,0.004797292,7.22E-04,0.008969548,0.009494243,0.003427575
802,0.00250575,0.007895984,0.003415879,0.003324703,0.005660377,0.001587091,0.003454557
803,0.009444087,0.005222365,0.008290537,0.004950343,0.009729828,0.009432675,0.001788947
804,6.79E-04,0.009957141,0.006660811,9.83E-04,0.0014895,0.009177885,0.009625517
805,0.004939415,0.002035697,0.002312485,0.004737107,0.007062893,0.008925305,0.003238153
806,0.004083687,0.005259876,9.61E-04,0.003842466,0.005093326,0.008492495,0.006313888
807,0.001943,0.008226475,0.003954877,0.009455299,0.003717847,0.006187711,0.003256417
808,0.001448,0.004348505,0.009093164,4.59E-04,8.22E-04,0.003945743,0.008789689
809,0.009590037,0.00865662,0.004510719,0.002094219,0.004343105,7.39E-04,0.007677731
810,0.007106365,0.008074315,0.001683316,0.00229165,0.008944726,0.007920492,7.82E-04
811,0.005492216,0.001267041,0.002886569,0.006994889,9.09E-04,0.007756633,0.002089551
812,9.83E-04,0.002815085,0.003392336,0.005996185,0.005371882,0.005643813,0.008766379
813,4.54E-04,5.39E-04,0.004142749,0.001974455,5.94E-04,0.002132514,6.20E-04
814,0.001674461,0.009261459,0.008263653,0.0022316,0.001795189,0.002546871,0.008841598
815,0.003069166,0.003073489,0.003190421,0.006892737,0.002917965,0.009108185,0.001159053
816,0.001856006,0.006997502,0.004941324,0.009540401,0.007832754,0.008732624,0.004312069
817,0.003041887,0.005558242,6.64E-04,0.007675826,0.005848573,0.005465672,0.006973934
818,0.006840973,0.005368407,6.30E-04,0.00478834,0.003647797,0.008481368,0.002604804
819,4.04E-04,0.009499034,0.007309405,2.15E-04,9.02E-04,0.009748674,0.002237005
820,0.00120549,0.001229438,0.001965422,9.38E-04,0.009329923,0.001752261,0.009909538
821,0.003498422,0.004931865,0.001538312,0.005696464,0.0053888,0.005361801,0.008181457
822,0.001067994,0.001975681,0.002681271,0.005844786,0.004951429,5.71E-04,1.83E-05
823,0.009385642,0.008559495,0.008576925,0.004667867,0.003918068,0.001168523,0.009205759
824,0.005571893,0.00597506,0.009409661,0.009446928,0.005167005,0.004552202,4.18E-04
825,0.00849981,7.54E-04,0.00774586,0.004504166,0.008712316,0.008521944,0.003443283
826,0.006156685,0.005223953,0.004149894,5.79E-04,0.003112752,0.004972507,0.007514447
827,8.38E-04,0.002017214,4.99E-04,0.005445258,0.009377384,0.005743923,0.009075454
828,0.005700833,0.007116002,0.001847332,0.003073277,0.007377107,0.006463782,0.003806904
829,0.003217228,0.00781505,0.00697494,0.006737038,0.002377491,0.003739552,0.007339421
830,0.0070574,0.003904525,0.004840325,0.005374225,0.001253396,0.005154639,0.001296607
831,0.008231494,0.002303736,0.003819145,0.00285095,9.10E-04,0.003611819,0.001945099
832,0.005953384,0.002335129,0.00934994,1.24E-04,0.007225785,0.004777762,0.007010084
833,0.002221328,0.006037279,0.00416674,0.002652322,0.009246307,0.006335016,0.005996709
834,0.001851622,0.00945943,0.008040701,0.003942387,0.009666114,6.87E-04,0.001301743
835,0.006045645,0.001084651,0.009936932,0.002676917,0.006395231,0.009358742,0.004880064
836,9.40E-04,0.008588496,0.003383725,0.001545805,0.00160056,9.46E-04,0.006866287
837,0.002652922,0.003470529,0.002445111,0.001400241,0.001409822,0.007644385,0.00264149
838,0.002769686,0.006324953,0.009116552,0.008474211,0.004808489,0.003595283,0.003923812
839,0.00577228,0.007967263,0.004978394,1.80E-04,0.003532135,3.74E-04,7.04E-04
840,0.009660837,0.004588534,0.007620119,0.008945126,0.007700774,0.007171455,0.003769292
841,0.00563899,0.003078862,0.008023136,1.47E-04,0.001046766,0.006300237,0.009243534
842,3.68E-04,0.002327719,0.004220007,0.007839118,0.009745014,0.004627357,0.001310211
843,0.009069056,0.004736525,0.006699011,0.003036482,0.002114472,0.003413266,9.18E-04
844,0.004789524,0.009340634,0.001057323,0.001695633,6.08E-04,0.008478542,0.00595515
845,7.71E-04,0.009529362,4.22E-04,0.009205652,0.00261584,0.003833694,0.004014083
846,0.008936686,0.008305418,0.002649093,0.003204496,0.003708139,0.001571552,0.00645947
847,0.001239012,0.00207696,0.006502123,0.00288409,0.001195029,0.005309329,0.002352401
848,0.001776712,0.002081947,0.008047404,0.007282775,0.008167159,0.004982702,0.007372824
849,0.009484733,0.004859563,0.004265577,0.004156455,0.001120182,0.002605092,0.004765031
850,0.001843594,0.007774621,0.004682941,0.007011932,0.006896145,0.003712557,0.004451925
851,0.009087712,0.001998002,0.001123939,0.008975984,0.005483618,0.007827202,0.009763286
852,0.009180468,4.65E-04,0.001708108,0.001908578,0.00716205,0.005875071,0.001779206
853,0.006404852,0.004253661,0.001046776,0.003446823,0.004707858,0.009236825,0.005567905
854,8.42E-04,0.001306,0.004697323,0.003988913,0.009760466,6.74E-04,9.36E-04
855,0.0052644,1.28E-04,0.003001175,0.001075853,0.008703412,0.005435294,0.001332097
856,0.008044784,0.002513213,0.003770839,0.003481327,0.003972449,6.40E-04,8.46E-05
857,0.003095523,0.005198729,0.008541354,0.002159839,0.005585124,0.001575408,0.008770443
858,0.003382692,0.00629272,0.007030888,0.002806504,0.003857354,2.30E-04,0.009472062
859,0.006437921,0.00767305,0.004987544,0.002013421,0.002183731,0.008199845,0.001019601
860,0.004251926,0.003734603,0.00517602,0.006386363,0.001847273,0.004200668,0.007046773
861,0.006274194,0.005020604,0.002072755,0.009523794,0.001119588,0.001750807,0.006235215
862,0.006657503,0.001010591,0.00942603,0.0041127,0.003848541,0.008186906,0.00949904
863,0.00508983,0.003172354,0.003923167,0.003298602,0.004711919,1.50E-04,8.55E-04
864,0.003565056,0.003856464,0.007674333,0.006897511,0.005506764,0.00105934,0.007172365
865,0.002298705,0.003215159,0.005486215,0.009308109,0.007098307,0.002129605,0.00265887
866,0.006507163,0.00226901,0.00590931,0.004977753,0.007432816,0.004170111,0.006548047
867,0.004326223,0.009165104,0.008586393,0.009858445,0.004598581,0.006285223,0.007590114
868,0.00455616,0.007863135,0.007327064,0.009739119,0.002090193,0.009053195,0.008129841
869,0.001711948,0.006094196,5.73E-04,0.008510586,0.007381237,0.004874596,1.22E-05
870,0.003372537,0.008539585,0.007704874,0.001281948,0.00187521,1.74E-05,0.005861372
871,0.001916506,0.008614211,7.70E-04,0.002314508,0.007029635,0.008893633,0.001664064
872,0.009780286,0.003470463,0.006121092,1.47E-04,0.00544052,0.006093439,0.003115293
873,0.001775504,0.002056195,0.001738346,6.88E-04,0.008653333,0.009426905,0.005510493
874,0.006248903,0.005224741,0.00719033,0.008257899,0.00237273,0.002604452,0.009809218
875,0.003761399,2.91E-04,0.003627403,0.007259374,0.009085218,0.006073321,0.002152117
876,4.11E-04,0.001779765,0.007923787,0.001798225,0.008383903,0.003184957,0.001432769
877,0.001261978,0.006270673,0.007951598,0.005918618,0.005629009,0.005517745,0.00607993
878,0.009039751,0.005691485,0.006008065,0.005268634,0.008755385,1.77E-04,0.008409831
879,0.00817419,0.001406729,0.009010861,0.007719473,0.001299666,0.002200685,0.009253921
880,0.004090085,0.009663613,0.009700372,0.009205743,0.005015473,0.004143918,0.009061523
881,3.01E-04,0.003730935,0.006448082,0.009701126,9.01E-04,0.002295457,3.05E-05
882,0.001844397,8.46E-04,0.004235987,0.003959315,0.002968455,7.42E-04,8.63E-04
883,7.28E-04,0.00954585,0.005322189,0.007407442,0.008318407,0.001688335,0.005979302
884,0.00998314,0.00142949,0.008301052,0.003547923,0.002043806,0.006737146,0.008179573
885,0.008787734,0.0094835,0.00227214,0.008116986,0.004647432,0.006819461,0.001577164
886,0.002535495,0.001361887,0.003000201,0.009164646,4.17E-04,0.002707683,0.004297662
887,0.004980991,0.00437756,0.009330436,0.003470739,0.002076774,0.003621743,0.002957651
888,0.008928514,0.003489067,0.007197502,0.003523823,0.004975033,0.001461179,0.006497757
889,0.009759812,0.004383505,0.004556782,0.00626451,0.002636467,0.007526303,0.005969483
890,0.0014924,2.03E-04,0.008078139,0.0093856,0.003574048,0.001822199,0.003913359
891,0.007126968,0.002789571,0.009584539,0.00323425,0.008982335,0.005814861,0.004761992
892,1.96E-04,0.009129944,0.00630804,0.007574151,0.001333548,0.002860637,0.003830727
893,0.009243044,0.00395391,0.004429871,0.001370541,0.006342971,3.14E-04,0.002298752
894,0.004553529,0.008788268,0.006894198,0.008268273,0.006269959,0.004452475,0.00636035
895,0.002567621,0.008884201,0.005375271,9.13E-04,0.007826537,0.002459175,0.002788918
896,0.009641117,0.001043377,0.001498109,7.84E-04,0.009219801,0.004154627,0.004591127
897,0.00133352,0.006842338,6.18E-04,0.001051437,0.006611172,0.006619123,0.007542799
898,0.006135662,0.008057281,0.005850911,3.24E-04,0.001765135,0.005493433,0.005557877
899,0.00950037,0.002799719,0.003729495,4.38E-04,0.007583062,0.009862995,0.008573485
900,0.007034234,0.00700561,0.008477433,0.008929014,0.005296646,0.008996566,8.40E-04
901,0.006753077,0.007972902,0.007190802,9.57E-04,0.002047347,0.004278106,0.009092745
902,0.006040385,0.005769017,0.009167255,0.00312656,0.007108779,0.009572632,0.007190172
903,0.008939573,0.009513378,0.007632236,3.90E-04,0.003869442,0.009787484,0.002443557
904,0.002997335,0.009042126,0.008637488,0.003468833,0.001774274,0.004436939,0.00116454
905,0.004762293,0.009781385,0.003436535,0.004475601,0.005302161,0.00306571,0.003873886
906,0.009727648,0.003655496,0.004311652,0.004394881,3.46E-04,0.006815008,0.004848755
907,0.002074376,6.68E-04,0.00157244,0.006576801,0.009655131,0.009583244,0.005630951
908,0.008347076,0.00852322,0.001882703,0.004809353,0.007129738,0.006590149,0.005965151
909,0.002153936,0.002900655,0.008621034,3.22E-04,0.004549004,0.007597182,2.30E-04
910,0.002783666,0.002505142,0.002720784,0.005756998,0.005901947,0.009204617,0.007205483
911,0.004550651,0.009034959,0.005596208,0.00702459,0.009793365,0.002715999,0.009357167
912,6.74E-04,0.008945969,0.003706048,0.006877865,1.51E-04,0.005125776,0.009766355
913,0.009075123,0.005329211,0.004292366,0.001634252,0.003803053,7.57E-04,0.003983435
914,0.005945168,0.009905696,0.007786331,0.005524857,0.006916099,5.44E-04,0.0017043
915,0.003133223,0.006490553,0.006326665,0.003057964,1.36E-04,0.002342222,0.001999331
916,0.004722877,0.004651803,6.44E-04,0.00394783,0.001433394,0.004511155,0.005834819
917,0.009639294,0.006469283,0.003929778,0.002738842,0.004251166,9.85E-04,0.002518676
918,0.007364251,0.004213103,0.005070256,5.72E-04,0.001436838,0.002158735,0.006050709
919,0.003261287,0.002321315,0.002872527,0.008757687,3.58E-04,0.004355289,0.005217415
920,0.004547452,0.007410528,0.009821774,7.42E-04,6.96E-04,0.008926388,0.007795388
921,0.005689521,0.009461897,0.004033621,0.006919698,0.009475598,0.006600237,3.49E-04
922,0.003807881,0.009338362,0.002375308,0.002328408,0.002206188,0.00784468,0.004256456
923,0.006254026,0.009319438,0.007197818,0.009370917,0.005180182,0.004770028,0.001886656
924,0.00652928,0.003670787,0.004546737,0.009114979,0.002176439,0.003954486,0.006996843
925,0.004662539,0.001974872,0.00224951,4.25E-04,3.55E-04,0.009893128,0.006439927
926,0.002183325,0.008157196,0.009650879,0.004029388,0.007276391,0.005056683,0.00916295
927,0.002355088,4.43E-04,0.002363065,0.007228238,0.001413812,0.009448264,0.002829491
928,0.003125422,0.003333579,0.008880647,0.00908616,0.004005947,0.001518524,0.003142128
929,0.007278318,0.002015693,0.006801311,0.004510324,5.13E-04,0.002930343,0.007556514
930,0.007165587,0.007747818,7.55E-04,0.005660029,8.96E-04,0.005080586,0.008220463
931,4.24E-04,0.008830388,0.008073708,0.001387985,0.008191203,0.001990289,0.005679243
932,0.007701046,0.006149626,0.009724307,0.008630659,7.10E-04,0.005094295,0.009144669
933,0.007742831,0.001444738,0.007376703,0.008583234,4.66E-04,0.005948398,0.003073508
934,0.009775169,0.007249932,8.25E-04,0.009532968,9.90E-04,0.002806619,0.003841161
935,0.006887045,0.008652214,0.001184354,0.004581746,0.004861501,0.008126874,0.007733144
936,9.63E-04,0.004272967,0.005295955,0.005490922,1.00E-03,0.009971119,0.009307141
937,0.008302109,0.005655364,6.66E-04,0.003452064,0.008066056,0.007804524,0.005072231
938,0.005514256,0.008913518,0.004414294,0.003117192,0.00112478,0.006822206,0.003872534
939,0.005561924,0.00367319,0.009207865,0.008075986,0.005337018,0.002143767,0.005365194
940,0.009362623,0.009122364,0.003881722,0.005283336,0.005665135,0.008265087,0.002741345
941,0.001323543,0.00336584,0.003996564,0.004327813,0.004522021,0.006249326,0.003091427
942,0.009116668,0.00486884,6.78E-04,0.006605577,0.001119718,0.002814199,0.00165382
943,0.006136853,0.004463395,0.007466206,0.001793226,0.009171189,0.002755362,0.005469753
944,0.00538787,0.007508682,0.006437425,0.003393924,0.002727772,5.08E-04,0.001457577
945,0.005605785,0.005634161,0.007945529,0.008541265,0.0090713,0.003762953,0.005650117
946,0.006101735,0.006299484,0.002652919,7.65E-04,0.001401577,0.007733817,0.008721506
947,0.002473034,0.003962356,0.005295327,0.003452251,0.008330123,0.002416483,0.009494633
948,0.008871266,0.005980587,0.001005248,0.003555647,0.009076287,0.00494323,0.004749184
949,0.009331498,0.00806029,0.003415215,0.002951739,0.001443664,0.002362683,5.90E-04
950,2.0042799,3.9582584,0.008184632,0.005859085,4.0749087,0.008828013,3.9466753
951,2.0994408,4.0827546,0.003679266,0.006590312,4.015347,0.005321007,3.9947364
952,2.059318,3.900368,0.005981135,0.00358796,4.0796385,0.002149225,3.9705539
953,1.9352502,4.076241,4.84E-04,7.20E-04,4.0182486,0.008143339,3.9504747
954,1.9262351,4.0807815,1.92E-04,0.004858124,4.0335703,4.79E-04,3.9498062
955,2.0834162,3.956464,0.005839065,0.003121319,3.943276,0.005283308,4.08414
956,2.0535228,3.9045568,0.003028503,0.008554672,3.9305952,0.006302315,3.966975
957,2.0478466,3.9659498,0.00532276,0.006501763,4.042984,0.003352961,3.9795105
958,1.9101667,4.0173807,0.003841785,0.003784169,3.9788043,0.002817854,3.983563
959,1.9893029,3.9915545,0.003639928,0.001562533,4.097728,0.005333277,4.0287
960,0.005953198,0.002168908,0.008881118,0.003559028,0.00749298,0.005247999,0.007809559
961,0.002069144,0.009853256,0.007655097,0.003193928,0.00977619,5.35E-04,0.008080666
962,0.005593311,7.42E-04,0.007719926,0.00882805,0.003477986,0.009295243,0.005283836
963,0.004661379,0.004782639,0.006205509,0.007228272,0.008620732,0.006177924,0.004300745
964,0.001412664,7.81E-04,0.008412768,0.002545358,0.003867137,0.009615816,0.00765199
965,0.007702272,0.009203671,0.00461068,0.002118666,0.003093602,0.009681747,0.003098738
966,5.48E-04,0.004690058,0.005338471,0.003883495,0.003968192,0.005784262,2.59E-04
967,0.005167011,0.0051498,0.00284106,0.005542684,0.004534974,6.92E-04,0.006768312
968,0.007807837,0.004309895,0.009173617,0.005814488,0.003188463,0.006452429,0.005039203
969,0.008574856,6.84E-04,0.007372449,0.00198616,0.008175882,0.005456231,0.004505643
970,0.001477976,0.001607871,0.002213015,0.00331806,0.001725737,0.001388792,0.00115719
971,0.005520145,0.009979991,2.68E-04,0.004164626,0.006703481,0.006300139,0.003513118
972,0.006818149,0.004357542,1.03E-04,0.007485528,0.00272293,0.005280471,0.001738767
973,0.007649186,1.30E-04,0.00476697,1.05E-04,0.003962424,0.007312794,0.008638076
974,0.003875466,0.006666604,0.002363157,0.003171722,0.008315201,8.98E-04,0.005128314
975,0.007299618,0.001838593,0.004256975,0.003846228,0.006055128,0.006487947,0.00750047
976,0.006716855,0.004188474,0.004324911,0.004849531,0.009118313,0.004109726,0.00736525
977,0.007069185,4.70E-04,0.002876672,0.002133857,0.007428733,8.48E-04,0.008813816
978,0.001176703,0.007931954,0.006372633,0.009530399,0.002938738,7.93E-04,0.00412353
979,0.009599436,0.008301498,0.008033693,0.001862725,0.007966472,0.006771445,2.93E-04
980,0.005221102,0.002275833,0.007819843,0.00446091,0.005151711,0.009733826,0.003197215
981,0.008590657,0.001441166,0.001872489,0.00418022,0.001692596,0.003858697,0.003634092
982,0.003656028,0.005473896,0.001126247,0.005565772,0.006709056,0.004866378,0.009309054
983,0.001595324,0.004947189,0.004271075,0.00545466,0.003853256,0.009189361,0.006848997
984,0.009349288,3.13E-04,0.002333664,0.004900388,0.006114089,6.40E-04,0.009234895
985,4.00E-04,0.005029715,5.72E-04,0.003242724,0.006095122,0.005456246,0.005399377
986,0.009686438,0.009218866,0.00900649,0.008664474,0.005039472,0.001843336,0.008234168
987,0.003076915,0.006756709,0.004161175,0.006014571,0.006816719,0.002849801,0.009581076
988,0.006523721,0.009893869,0.00215051,0.003418642,0.008263151,0.00203939,0.005909361
989,1.78E-04,0.001930871,0.00572194,0.008886646,0.007946306,0.001105155,0.005315614
990,0.00341508,0.002255827,0.001686278,0.006188786,0.003048199,0.005929414,0.006832331
991,0.005540477,0.003355822,0.005874622,0.007728793,1.80E-04,0.006187702,0.002577894
992,0.006947528,0.005126186,2.99E-04,0.003132722,3.79E-04,9.00E-04,0.005613785
993,0.004037648,0.005765703,0.006686961,6.08E-04,0.005712629,7.07E-04,0.001161899
994,0.002285853,0.006707734,6.95E-04,0.002717693,0.006071283,0.00191597,0.008188813
995,0.006056229,0.008543359,0.005752488,0.007051034,0.00268044,0.009414541,0.008225245
996,0.002763356,0.008683044,3.96E-04,0.009097659,0.007751248,0.00441282,0.007674655
997,0.002931613,0.002883522,0.007092912,0.001603036,0.005699616,7.49E-04,0.009272374
998,0.001913714,0.001867781,0.00366539,0.00311122,0.009263383,0.009376683,0.009549155
999,0.002930945,0.004247083,0.008785058,0.001737874,0.0062066,0.003151232,0.001991676
